(⎈|N/A:N/A)tim@Timothys-MacBook-Air GroceryApp % pwd
/Users/tim/Documents/workspace/swift/apps/grocery-app/GroceryApp
(⎈|N/A:N/A)tim@Timothys-MacBook-Air GroceryApp % xcodebuild -project GroceryApp.xcodeproj -scheme GroceryApp -sdk iphonesimulator -destination 'generic/platform=iOS Simulator' build
Command line invocation:
    /Applications/Xcode.app/Contents/Developer/usr/bin/xcodebuild -project GroceryApp.xcodeproj -scheme GroceryApp -sdk iphonesimulator -destination "generic/platform=iOS Simulator" build

Build settings from command line:
    SDKROOT = iphonesimulator26.2

ComputePackagePrebuildTargetDependencyGraph

Prepare packages

CreateBuildRequest

SendProjectDescription

CreateBuildOperation

ComputeTargetDependencyGraph
note: Building targets in dependency order
note: Target dependency graph (1 target)
    Target 'GroceryApp' in project 'GroceryApp' (no dependencies)

GatherProvisioningInputs

CreateBuildDescription

ExecuteExternalTool /Applications/Xcode.app/Contents/Developer/Toolchains/XcodeDefault.xctoolchain/usr/bin/clang -v -E -dM -isysroot /Applications/Xcode.app/Contents/Developer/Platforms/iPhoneSimulator.platform/Developer/SDKs/iPhoneSimulator26.2.sdk -x c -c /dev/null

ExecuteExternalTool /Applications/Xcode.app/Contents/Developer/usr/bin/momc --dry-run --action generate --swift-version 5.0 --sdkroot /Applications/Xcode.app/Contents/Developer/Platforms/iPhoneSimulator.platform/Developer/SDKs/iPhoneSimulator26.2.sdk --iphonesimulator-deployment-target 18.5 --module GroceryApp /Users/tim/Documents/workspace/swift/apps/grocery-app/GroceryApp/GroceryApp/GroceryApp.xcdatamodeld /Users/tim/Library/Developer/Xcode/DerivedData/GroceryApp-evbjlsgcparbtufznuqhiqsucvpi/Build/Intermediates.noindex/GroceryApp.build/Debug-iphonesimulator/GroceryApp.build/DerivedSources/CoreDataGenerated/GroceryApp

ExecuteExternalTool /Applications/Xcode.app/Contents/Developer/usr/bin/actool --print-asset-tag-combinations --output-format xml1 /Users/tim/Documents/workspace/swift/apps/grocery-app/GroceryApp/GroceryApp/Assets.xcassets

ExecuteExternalTool /Applications/Xcode.app/Contents/Developer/usr/bin/actool --version --output-format xml1

ExecuteExternalTool /Applications/Xcode.app/Contents/Developer/Toolchains/XcodeDefault.xctoolchain/usr/bin/swiftc --version

ExecuteExternalTool /Applications/Xcode.app/Contents/Developer/Toolchains/XcodeDefault.xctoolchain/usr/bin/ld -version_details

Build description signature: 2e2a10f81357ddffd219bf4c6f02a420
Build description path: /Users/tim/Library/Developer/Xcode/DerivedData/GroceryApp-evbjlsgcparbtufznuqhiqsucvpi/Build/Intermediates.noindex/XCBuildData/2e2a10f81357ddffd219bf4c6f02a420.xcbuilddata
ClangStatCache /Applications/Xcode.app/Contents/Developer/Toolchains/XcodeDefault.xctoolchain/usr/bin/clang-stat-cache /Applications/Xcode.app/Contents/Developer/Platforms/iPhoneSimulator.platform/Developer/SDKs/iPhoneSimulator26.2.sdk /Users/tim/Library/Developer/Xcode/DerivedData/SDKStatCaches.noindex/iphonesimulator26.2-23C53-7d00a8b37fbd7999ea79df8ebc024bf0.sdkstatcache
    cd /Users/tim/Documents/workspace/swift/apps/grocery-app/GroceryApp/GroceryApp.xcodeproj
    /Applications/Xcode.app/Contents/Developer/Toolchains/XcodeDefault.xctoolchain/usr/bin/clang-stat-cache /Applications/Xcode.app/Contents/Developer/Platforms/iPhoneSimulator.platform/Developer/SDKs/iPhoneSimulator26.2.sdk -o /Users/tim/Library/Developer/Xcode/DerivedData/SDKStatCaches.noindex/iphonesimulator26.2-23C53-7d00a8b37fbd7999ea79df8ebc024bf0.sdkstatcache

CreateBuildDirectory /Users/tim/Library/Developer/Xcode/DerivedData/GroceryApp-evbjlsgcparbtufznuqhiqsucvpi/Build/Products
    cd /Users/tim/Documents/workspace/swift/apps/grocery-app/GroceryApp/GroceryApp.xcodeproj
    builtin-create-build-directory /Users/tim/Library/Developer/Xcode/DerivedData/GroceryApp-evbjlsgcparbtufznuqhiqsucvpi/Build/Products

CreateBuildDirectory /Users/tim/Library/Developer/Xcode/DerivedData/GroceryApp-evbjlsgcparbtufznuqhiqsucvpi/Build/Intermediates.noindex
    cd /Users/tim/Documents/workspace/swift/apps/grocery-app/GroceryApp/GroceryApp.xcodeproj
    builtin-create-build-directory /Users/tim/Library/Developer/Xcode/DerivedData/GroceryApp-evbjlsgcparbtufznuqhiqsucvpi/Build/Intermediates.noindex

CreateBuildDirectory /Users/tim/Library/Developer/Xcode/DerivedData/GroceryApp-evbjlsgcparbtufznuqhiqsucvpi/Build/Intermediates.noindex/SwiftExplicitPrecompiledModules
    cd /Users/tim/Documents/workspace/swift/apps/grocery-app/GroceryApp/GroceryApp.xcodeproj
    builtin-create-build-directory /Users/tim/Library/Developer/Xcode/DerivedData/GroceryApp-evbjlsgcparbtufznuqhiqsucvpi/Build/Intermediates.noindex/SwiftExplicitPrecompiledModules

CreateBuildDirectory /Users/tim/Library/Developer/Xcode/DerivedData/GroceryApp-evbjlsgcparbtufznuqhiqsucvpi/Build/Intermediates.noindex/ExplicitPrecompiledModules
    cd /Users/tim/Documents/workspace/swift/apps/grocery-app/GroceryApp/GroceryApp.xcodeproj
    builtin-create-build-directory /Users/tim/Library/Developer/Xcode/DerivedData/GroceryApp-evbjlsgcparbtufznuqhiqsucvpi/Build/Intermediates.noindex/ExplicitPrecompiledModules

CreateBuildDirectory /Users/tim/Library/Developer/Xcode/DerivedData/GroceryApp-evbjlsgcparbtufznuqhiqsucvpi/Build/Products/Debug-iphonesimulator
    cd /Users/tim/Documents/workspace/swift/apps/grocery-app/GroceryApp/GroceryApp.xcodeproj
    builtin-create-build-directory /Users/tim/Library/Developer/Xcode/DerivedData/GroceryApp-evbjlsgcparbtufznuqhiqsucvpi/Build/Products/Debug-iphonesimulator

WriteAuxiliaryFile /Users/tim/Library/Developer/Xcode/DerivedData/GroceryApp-evbjlsgcparbtufznuqhiqsucvpi/Build/Intermediates.noindex/GroceryApp.build/Debug-iphonesimulator/GroceryApp-126d0099f0f0442ad7282ae844374beb-VFS-iphonesimulator/all-product-headers.yaml
    cd /Users/tim/Documents/workspace/swift/apps/grocery-app/GroceryApp/GroceryApp.xcodeproj
    write-file /Users/tim/Library/Developer/Xcode/DerivedData/GroceryApp-evbjlsgcparbtufznuqhiqsucvpi/Build/Intermediates.noindex/GroceryApp.build/Debug-iphonesimulator/GroceryApp-126d0099f0f0442ad7282ae844374beb-VFS-iphonesimulator/all-product-headers.yaml

CreateBuildDirectory /Users/tim/Library/Developer/Xcode/DerivedData/GroceryApp-evbjlsgcparbtufznuqhiqsucvpi/Build/Intermediates.noindex/EagerLinkingTBDs/Debug-iphonesimulator
    cd /Users/tim/Documents/workspace/swift/apps/grocery-app/GroceryApp/GroceryApp.xcodeproj
    builtin-create-build-directory /Users/tim/Library/Developer/Xcode/DerivedData/GroceryApp-evbjlsgcparbtufznuqhiqsucvpi/Build/Intermediates.noindex/EagerLinkingTBDs/Debug-iphonesimulator

WriteAuxiliaryFile /Users/tim/Library/Developer/Xcode/DerivedData/GroceryApp-evbjlsgcparbtufznuqhiqsucvpi/Build/Intermediates.noindex/GroceryApp.build/Debug-iphonesimulator/GroceryApp.build/GroceryApp.hmap (in target 'GroceryApp' from project 'GroceryApp')
    cd /Users/tim/Documents/workspace/swift/apps/grocery-app/GroceryApp
    write-file /Users/tim/Library/Developer/Xcode/DerivedData/GroceryApp-evbjlsgcparbtufznuqhiqsucvpi/Build/Intermediates.noindex/GroceryApp.build/Debug-iphonesimulator/GroceryApp.build/GroceryApp.hmap

WriteAuxiliaryFile /Users/tim/Library/Developer/Xcode/DerivedData/GroceryApp-evbjlsgcparbtufznuqhiqsucvpi/Build/Intermediates.noindex/GroceryApp.build/Debug-iphonesimulator/GroceryApp.build/empty-GroceryApp.plist (in target 'GroceryApp' from project 'GroceryApp')
    cd /Users/tim/Documents/workspace/swift/apps/grocery-app/GroceryApp
    write-file /Users/tim/Library/Developer/Xcode/DerivedData/GroceryApp-evbjlsgcparbtufznuqhiqsucvpi/Build/Intermediates.noindex/GroceryApp.build/Debug-iphonesimulator/GroceryApp.build/empty-GroceryApp.plist

WriteAuxiliaryFile /Users/tim/Library/Developer/Xcode/DerivedData/GroceryApp-evbjlsgcparbtufznuqhiqsucvpi/Build/Intermediates.noindex/GroceryApp.build/Debug-iphonesimulator/GroceryApp.build/Objects-normal/x86_64/GroceryApp_const_extract_protocols.json (in target 'GroceryApp' from project 'GroceryApp')
    cd /Users/tim/Documents/workspace/swift/apps/grocery-app/GroceryApp
    write-file /Users/tim/Library/Developer/Xcode/DerivedData/GroceryApp-evbjlsgcparbtufznuqhiqsucvpi/Build/Intermediates.noindex/GroceryApp.build/Debug-iphonesimulator/GroceryApp.build/Objects-normal/x86_64/GroceryApp_const_extract_protocols.json

WriteAuxiliaryFile /Users/tim/Library/Developer/Xcode/DerivedData/GroceryApp-evbjlsgcparbtufznuqhiqsucvpi/Build/Intermediates.noindex/GroceryApp.build/Debug-iphonesimulator/GroceryApp.build/Objects-normal/x86_64/GroceryApp-OutputFileMap.json (in target 'GroceryApp' from project 'GroceryApp')
    cd /Users/tim/Documents/workspace/swift/apps/grocery-app/GroceryApp
    write-file /Users/tim/Library/Developer/Xcode/DerivedData/GroceryApp-evbjlsgcparbtufznuqhiqsucvpi/Build/Intermediates.noindex/GroceryApp.build/Debug-iphonesimulator/GroceryApp.build/Objects-normal/x86_64/GroceryApp-OutputFileMap.json

WriteAuxiliaryFile /Users/tim/Library/Developer/Xcode/DerivedData/GroceryApp-evbjlsgcparbtufznuqhiqsucvpi/Build/Intermediates.noindex/GroceryApp.build/Debug-iphonesimulator/GroceryApp.build/Objects-normal/x86_64/GroceryApp.LinkFileList (in target 'GroceryApp' from project 'GroceryApp')
    cd /Users/tim/Documents/workspace/swift/apps/grocery-app/GroceryApp
    write-file /Users/tim/Library/Developer/Xcode/DerivedData/GroceryApp-evbjlsgcparbtufznuqhiqsucvpi/Build/Intermediates.noindex/GroceryApp.build/Debug-iphonesimulator/GroceryApp.build/Objects-normal/x86_64/GroceryApp.LinkFileList

WriteAuxiliaryFile /Users/tim/Library/Developer/Xcode/DerivedData/GroceryApp-evbjlsgcparbtufznuqhiqsucvpi/Build/Intermediates.noindex/GroceryApp.build/Debug-iphonesimulator/GroceryApp.build/Objects-normal/x86_64/GroceryApp.SwiftFileList (in target 'GroceryApp' from project 'GroceryApp')
    cd /Users/tim/Documents/workspace/swift/apps/grocery-app/GroceryApp
    write-file /Users/tim/Library/Developer/Xcode/DerivedData/GroceryApp-evbjlsgcparbtufznuqhiqsucvpi/Build/Intermediates.noindex/GroceryApp.build/Debug-iphonesimulator/GroceryApp.build/Objects-normal/x86_64/GroceryApp.SwiftFileList

WriteAuxiliaryFile /Users/tim/Library/Developer/Xcode/DerivedData/GroceryApp-evbjlsgcparbtufznuqhiqsucvpi/Build/Intermediates.noindex/GroceryApp.build/Debug-iphonesimulator/GroceryApp.build/Objects-normal/arm64/GroceryApp.LinkFileList (in target 'GroceryApp' from project 'GroceryApp')
    cd /Users/tim/Documents/workspace/swift/apps/grocery-app/GroceryApp
    write-file /Users/tim/Library/Developer/Xcode/DerivedData/GroceryApp-evbjlsgcparbtufznuqhiqsucvpi/Build/Intermediates.noindex/GroceryApp.build/Debug-iphonesimulator/GroceryApp.build/Objects-normal/arm64/GroceryApp.LinkFileList

WriteAuxiliaryFile /Users/tim/Library/Developer/Xcode/DerivedData/GroceryApp-evbjlsgcparbtufznuqhiqsucvpi/Build/Intermediates.noindex/GroceryApp.build/Debug-iphonesimulator/GroceryApp.build/Objects-normal/arm64/GroceryApp-OutputFileMap.json (in target 'GroceryApp' from project 'GroceryApp')
    cd /Users/tim/Documents/workspace/swift/apps/grocery-app/GroceryApp
    write-file /Users/tim/Library/Developer/Xcode/DerivedData/GroceryApp-evbjlsgcparbtufznuqhiqsucvpi/Build/Intermediates.noindex/GroceryApp.build/Debug-iphonesimulator/GroceryApp.build/Objects-normal/arm64/GroceryApp-OutputFileMap.json

WriteAuxiliaryFile /Users/tim/Library/Developer/Xcode/DerivedData/GroceryApp-evbjlsgcparbtufznuqhiqsucvpi/Build/Intermediates.noindex/GroceryApp.build/Debug-iphonesimulator/GroceryApp.build/Objects-normal/arm64/GroceryApp_const_extract_protocols.json (in target 'GroceryApp' from project 'GroceryApp')
    cd /Users/tim/Documents/workspace/swift/apps/grocery-app/GroceryApp
    write-file /Users/tim/Library/Developer/Xcode/DerivedData/GroceryApp-evbjlsgcparbtufznuqhiqsucvpi/Build/Intermediates.noindex/GroceryApp.build/Debug-iphonesimulator/GroceryApp.build/Objects-normal/arm64/GroceryApp_const_extract_protocols.json

WriteAuxiliaryFile /Users/tim/Library/Developer/Xcode/DerivedData/GroceryApp-evbjlsgcparbtufznuqhiqsucvpi/Build/Intermediates.noindex/GroceryApp.build/Debug-iphonesimulator/GroceryApp.build/Objects-normal/x86_64/GroceryApp.SwiftConstValuesFileList (in target 'GroceryApp' from project 'GroceryApp')
    cd /Users/tim/Documents/workspace/swift/apps/grocery-app/GroceryApp
    write-file /Users/tim/Library/Developer/Xcode/DerivedData/GroceryApp-evbjlsgcparbtufznuqhiqsucvpi/Build/Intermediates.noindex/GroceryApp.build/Debug-iphonesimulator/GroceryApp.build/Objects-normal/x86_64/GroceryApp.SwiftConstValuesFileList

WriteAuxiliaryFile /Users/tim/Library/Developer/Xcode/DerivedData/GroceryApp-evbjlsgcparbtufznuqhiqsucvpi/Build/Intermediates.noindex/GroceryApp.build/Debug-iphonesimulator/GroceryApp.build/Objects-normal/arm64/GroceryApp.SwiftFileList (in target 'GroceryApp' from project 'GroceryApp')
    cd /Users/tim/Documents/workspace/swift/apps/grocery-app/GroceryApp
    write-file /Users/tim/Library/Developer/Xcode/DerivedData/GroceryApp-evbjlsgcparbtufznuqhiqsucvpi/Build/Intermediates.noindex/GroceryApp.build/Debug-iphonesimulator/GroceryApp.build/Objects-normal/arm64/GroceryApp.SwiftFileList

WriteAuxiliaryFile /Users/tim/Library/Developer/Xcode/DerivedData/GroceryApp-evbjlsgcparbtufznuqhiqsucvpi/Build/Intermediates.noindex/GroceryApp.build/Debug-iphonesimulator/GroceryApp.build/GroceryApp.DependencyStaticMetadataFileList (in target 'GroceryApp' from project 'GroceryApp')
    cd /Users/tim/Documents/workspace/swift/apps/grocery-app/GroceryApp
    write-file /Users/tim/Library/Developer/Xcode/DerivedData/GroceryApp-evbjlsgcparbtufznuqhiqsucvpi/Build/Intermediates.noindex/GroceryApp.build/Debug-iphonesimulator/GroceryApp.build/GroceryApp.DependencyStaticMetadataFileList

WriteAuxiliaryFile /Users/tim/Library/Developer/Xcode/DerivedData/GroceryApp-evbjlsgcparbtufznuqhiqsucvpi/Build/Intermediates.noindex/GroceryApp.build/Debug-iphonesimulator/GroceryApp.build/Objects-normal/arm64/GroceryApp.SwiftConstValuesFileList (in target 'GroceryApp' from project 'GroceryApp')
    cd /Users/tim/Documents/workspace/swift/apps/grocery-app/GroceryApp
    write-file /Users/tim/Library/Developer/Xcode/DerivedData/GroceryApp-evbjlsgcparbtufznuqhiqsucvpi/Build/Intermediates.noindex/GroceryApp.build/Debug-iphonesimulator/GroceryApp.build/Objects-normal/arm64/GroceryApp.SwiftConstValuesFileList

WriteAuxiliaryFile /Users/tim/Library/Developer/Xcode/DerivedData/GroceryApp-evbjlsgcparbtufznuqhiqsucvpi/Build/Intermediates.noindex/GroceryApp.build/Debug-iphonesimulator/GroceryApp.build/GroceryApp.DependencyMetadataFileList (in target 'GroceryApp' from project 'GroceryApp')
    cd /Users/tim/Documents/workspace/swift/apps/grocery-app/GroceryApp
    write-file /Users/tim/Library/Developer/Xcode/DerivedData/GroceryApp-evbjlsgcparbtufznuqhiqsucvpi/Build/Intermediates.noindex/GroceryApp.build/Debug-iphonesimulator/GroceryApp.build/GroceryApp.DependencyMetadataFileList

WriteAuxiliaryFile /Users/tim/Library/Developer/Xcode/DerivedData/GroceryApp-evbjlsgcparbtufznuqhiqsucvpi/Build/Intermediates.noindex/GroceryApp.build/Debug-iphonesimulator/GroceryApp.build/GroceryApp-project-headers.hmap (in target 'GroceryApp' from project 'GroceryApp')
    cd /Users/tim/Documents/workspace/swift/apps/grocery-app/GroceryApp
    write-file /Users/tim/Library/Developer/Xcode/DerivedData/GroceryApp-evbjlsgcparbtufznuqhiqsucvpi/Build/Intermediates.noindex/GroceryApp.build/Debug-iphonesimulator/GroceryApp.build/GroceryApp-project-headers.hmap

WriteAuxiliaryFile /Users/tim/Library/Developer/Xcode/DerivedData/GroceryApp-evbjlsgcparbtufznuqhiqsucvpi/Build/Intermediates.noindex/GroceryApp.build/Debug-iphonesimulator/GroceryApp.build/GroceryApp-own-target-headers.hmap (in target 'GroceryApp' from project 'GroceryApp')
    cd /Users/tim/Documents/workspace/swift/apps/grocery-app/GroceryApp
    write-file /Users/tim/Library/Developer/Xcode/DerivedData/GroceryApp-evbjlsgcparbtufznuqhiqsucvpi/Build/Intermediates.noindex/GroceryApp.build/Debug-iphonesimulator/GroceryApp.build/GroceryApp-own-target-headers.hmap

WriteAuxiliaryFile /Users/tim/Library/Developer/Xcode/DerivedData/GroceryApp-evbjlsgcparbtufznuqhiqsucvpi/Build/Intermediates.noindex/GroceryApp.build/Debug-iphonesimulator/GroceryApp.build/GroceryApp-all-target-headers.hmap (in target 'GroceryApp' from project 'GroceryApp')
    cd /Users/tim/Documents/workspace/swift/apps/grocery-app/GroceryApp
    write-file /Users/tim/Library/Developer/Xcode/DerivedData/GroceryApp-evbjlsgcparbtufznuqhiqsucvpi/Build/Intermediates.noindex/GroceryApp.build/Debug-iphonesimulator/GroceryApp.build/GroceryApp-all-target-headers.hmap

WriteAuxiliaryFile /Users/tim/Library/Developer/Xcode/DerivedData/GroceryApp-evbjlsgcparbtufznuqhiqsucvpi/Build/Intermediates.noindex/GroceryApp.build/Debug-iphonesimulator/GroceryApp.build/GroceryApp-generated-files.hmap (in target 'GroceryApp' from project 'GroceryApp')
    cd /Users/tim/Documents/workspace/swift/apps/grocery-app/GroceryApp
    write-file /Users/tim/Library/Developer/Xcode/DerivedData/GroceryApp-evbjlsgcparbtufznuqhiqsucvpi/Build/Intermediates.noindex/GroceryApp.build/Debug-iphonesimulator/GroceryApp.build/GroceryApp-generated-files.hmap

WriteAuxiliaryFile /Users/tim/Library/Developer/Xcode/DerivedData/GroceryApp-evbjlsgcparbtufznuqhiqsucvpi/Build/Intermediates.noindex/GroceryApp.build/Debug-iphonesimulator/GroceryApp.build/GroceryApp-all-non-framework-target-headers.hmap (in target 'GroceryApp' from project 'GroceryApp')
    cd /Users/tim/Documents/workspace/swift/apps/grocery-app/GroceryApp
    write-file /Users/tim/Library/Developer/Xcode/DerivedData/GroceryApp-evbjlsgcparbtufznuqhiqsucvpi/Build/Intermediates.noindex/GroceryApp.build/Debug-iphonesimulator/GroceryApp.build/GroceryApp-all-non-framework-target-headers.hmap

WriteAuxiliaryFile /Users/tim/Library/Developer/Xcode/DerivedData/GroceryApp-evbjlsgcparbtufznuqhiqsucvpi/Build/Intermediates.noindex/GroceryApp.build/Debug-iphonesimulator/GroceryApp.build/GroceryApp-DebugDylibPath-normal-arm64.txt (in target 'GroceryApp' from project 'GroceryApp')
    cd /Users/tim/Documents/workspace/swift/apps/grocery-app/GroceryApp
    write-file /Users/tim/Library/Developer/Xcode/DerivedData/GroceryApp-evbjlsgcparbtufznuqhiqsucvpi/Build/Intermediates.noindex/GroceryApp.build/Debug-iphonesimulator/GroceryApp.build/GroceryApp-DebugDylibPath-normal-arm64.txt

WriteAuxiliaryFile /Users/tim/Library/Developer/Xcode/DerivedData/GroceryApp-evbjlsgcparbtufznuqhiqsucvpi/Build/Intermediates.noindex/GroceryApp.build/Debug-iphonesimulator/GroceryApp.build/GroceryApp-DebugDylibPath-normal-x86_64.txt (in target 'GroceryApp' from project 'GroceryApp')
    cd /Users/tim/Documents/workspace/swift/apps/grocery-app/GroceryApp
    write-file /Users/tim/Library/Developer/Xcode/DerivedData/GroceryApp-evbjlsgcparbtufznuqhiqsucvpi/Build/Intermediates.noindex/GroceryApp.build/Debug-iphonesimulator/GroceryApp.build/GroceryApp-DebugDylibPath-normal-x86_64.txt

WriteAuxiliaryFile /Users/tim/Library/Developer/Xcode/DerivedData/GroceryApp-evbjlsgcparbtufznuqhiqsucvpi/Build/Intermediates.noindex/GroceryApp.build/Debug-iphonesimulator/GroceryApp.build/GroceryApp-DebugDylibInstallName-normal-x86_64.txt (in target 'GroceryApp' from project 'GroceryApp')
    cd /Users/tim/Documents/workspace/swift/apps/grocery-app/GroceryApp
    write-file /Users/tim/Library/Developer/Xcode/DerivedData/GroceryApp-evbjlsgcparbtufznuqhiqsucvpi/Build/Intermediates.noindex/GroceryApp.build/Debug-iphonesimulator/GroceryApp.build/GroceryApp-DebugDylibInstallName-normal-x86_64.txt

WriteAuxiliaryFile /Users/tim/Library/Developer/Xcode/DerivedData/GroceryApp-evbjlsgcparbtufznuqhiqsucvpi/Build/Intermediates.noindex/GroceryApp.build/Debug-iphonesimulator/GroceryApp.build/GroceryApp-DebugDylibInstallName-normal-arm64.txt (in target 'GroceryApp' from project 'GroceryApp')
    cd /Users/tim/Documents/workspace/swift/apps/grocery-app/GroceryApp
    write-file /Users/tim/Library/Developer/Xcode/DerivedData/GroceryApp-evbjlsgcparbtufznuqhiqsucvpi/Build/Intermediates.noindex/GroceryApp.build/Debug-iphonesimulator/GroceryApp.build/GroceryApp-DebugDylibInstallName-normal-arm64.txt

WriteAuxiliaryFile /Users/tim/Library/Developer/Xcode/DerivedData/GroceryApp-evbjlsgcparbtufznuqhiqsucvpi/Build/Intermediates.noindex/GroceryApp.build/Debug-iphonesimulator/GroceryApp.build/DerivedSources/Entitlements-Simulated.plist (in target 'GroceryApp' from project 'GroceryApp')
    cd /Users/tim/Documents/workspace/swift/apps/grocery-app/GroceryApp
    write-file /Users/tim/Library/Developer/Xcode/DerivedData/GroceryApp-evbjlsgcparbtufznuqhiqsucvpi/Build/Intermediates.noindex/GroceryApp.build/Debug-iphonesimulator/GroceryApp.build/DerivedSources/Entitlements-Simulated.plist

MkDir /Users/tim/Library/Developer/Xcode/DerivedData/GroceryApp-evbjlsgcparbtufznuqhiqsucvpi/Build/Products/Debug-iphonesimulator/GroceryApp.app (in target 'GroceryApp' from project 'GroceryApp')
    cd /Users/tim/Documents/workspace/swift/apps/grocery-app/GroceryApp
    /bin/mkdir -p /Users/tim/Library/Developer/Xcode/DerivedData/GroceryApp-evbjlsgcparbtufznuqhiqsucvpi/Build/Products/Debug-iphonesimulator/GroceryApp.app

ProcessProductPackaging "" /Users/tim/Library/Developer/Xcode/DerivedData/GroceryApp-evbjlsgcparbtufznuqhiqsucvpi/Build/Intermediates.noindex/GroceryApp.build/Debug-iphonesimulator/GroceryApp.build/GroceryApp.app-Simulated.xcent (in target 'GroceryApp' from project 'GroceryApp')
    cd /Users/tim/Documents/workspace/swift/apps/grocery-app/GroceryApp
    
    Entitlements:
    
    {
    "application-identifier" = "4XJNBSJ5AQ.com.inquisitivefrog.GroceryShopping";
}
    
    builtin-productPackagingUtility -entitlements -format xml -o /Users/tim/Library/Developer/Xcode/DerivedData/GroceryApp-evbjlsgcparbtufznuqhiqsucvpi/Build/Intermediates.noindex/GroceryApp.build/Debug-iphonesimulator/GroceryApp.build/GroceryApp.app-Simulated.xcent

ProcessProductPackagingDER /Users/tim/Library/Developer/Xcode/DerivedData/GroceryApp-evbjlsgcparbtufznuqhiqsucvpi/Build/Intermediates.noindex/GroceryApp.build/Debug-iphonesimulator/GroceryApp.build/GroceryApp.app-Simulated.xcent /Users/tim/Library/Developer/Xcode/DerivedData/GroceryApp-evbjlsgcparbtufznuqhiqsucvpi/Build/Intermediates.noindex/GroceryApp.build/Debug-iphonesimulator/GroceryApp.build/GroceryApp.app-Simulated.xcent.der (in target 'GroceryApp' from project 'GroceryApp')
    cd /Users/tim/Documents/workspace/swift/apps/grocery-app/GroceryApp
    /usr/bin/derq query -f xml -i /Users/tim/Library/Developer/Xcode/DerivedData/GroceryApp-evbjlsgcparbtufznuqhiqsucvpi/Build/Intermediates.noindex/GroceryApp.build/Debug-iphonesimulator/GroceryApp.build/GroceryApp.app-Simulated.xcent -o /Users/tim/Library/Developer/Xcode/DerivedData/GroceryApp-evbjlsgcparbtufznuqhiqsucvpi/Build/Intermediates.noindex/GroceryApp.build/Debug-iphonesimulator/GroceryApp.build/GroceryApp.app-Simulated.xcent.der --raw

MkDir /Users/tim/Library/Developer/Xcode/DerivedData/GroceryApp-evbjlsgcparbtufznuqhiqsucvpi/Build/Intermediates.noindex/GroceryApp.build/Debug-iphonesimulator/GroceryApp.build/assetcatalog_output/thinned (in target 'GroceryApp' from project 'GroceryApp')
    cd /Users/tim/Documents/workspace/swift/apps/grocery-app/GroceryApp
    /bin/mkdir -p /Users/tim/Library/Developer/Xcode/DerivedData/GroceryApp-evbjlsgcparbtufznuqhiqsucvpi/Build/Intermediates.noindex/GroceryApp.build/Debug-iphonesimulator/GroceryApp.build/assetcatalog_output/thinned

GenerateAssetSymbols /Users/tim/Documents/workspace/swift/apps/grocery-app/GroceryApp/GroceryApp/Assets.xcassets (in target 'GroceryApp' from project 'GroceryApp')
    cd /Users/tim/Documents/workspace/swift/apps/grocery-app/GroceryApp
    /Applications/Xcode.app/Contents/Developer/usr/bin/actool /Users/tim/Documents/workspace/swift/apps/grocery-app/GroceryApp/GroceryApp/Assets.xcassets --compile /Users/tim/Library/Developer/Xcode/DerivedData/GroceryApp-evbjlsgcparbtufznuqhiqsucvpi/Build/Products/Debug-iphonesimulator/GroceryApp.app --output-format human-readable-text --notices --warnings --export-dependency-info /Users/tim/Library/Developer/Xcode/DerivedData/GroceryApp-evbjlsgcparbtufznuqhiqsucvpi/Build/Intermediates.noindex/GroceryApp.build/Debug-iphonesimulator/GroceryApp.build/assetcatalog_dependencies --output-partial-info-plist /Users/tim/Library/Developer/Xcode/DerivedData/GroceryApp-evbjlsgcparbtufznuqhiqsucvpi/Build/Intermediates.noindex/GroceryApp.build/Debug-iphonesimulator/GroceryApp.build/assetcatalog_generated_info.plist --app-icon AppIcon --accent-color AccentColor --compress-pngs --enable-on-demand-resources YES --development-region en --target-device iphone --target-device ipad --minimum-deployment-target 18.5 --platform iphonesimulator --bundle-identifier com.inquisitivefrog.GroceryShopping --generate-swift-asset-symbols /Users/tim/Library/Developer/Xcode/DerivedData/GroceryApp-evbjlsgcparbtufznuqhiqsucvpi/Build/Intermediates.noindex/GroceryApp.build/Debug-iphonesimulator/GroceryApp.build/DerivedSources/GeneratedAssetSymbols.swift --generate-objc-asset-symbols /Users/tim/Library/Developer/Xcode/DerivedData/GroceryApp-evbjlsgcparbtufznuqhiqsucvpi/Build/Intermediates.noindex/GroceryApp.build/Debug-iphonesimulator/GroceryApp.build/DerivedSources/GeneratedAssetSymbols.h --generate-asset-symbol-index /Users/tim/Library/Developer/Xcode/DerivedData/GroceryApp-evbjlsgcparbtufznuqhiqsucvpi/Build/Intermediates.noindex/GroceryApp.build/Debug-iphonesimulator/GroceryApp.build/DerivedSources/GeneratedAssetSymbols-Index.plist
/* com.apple.actool.compilation-results */
/Users/tim/Library/Developer/Xcode/DerivedData/GroceryApp-evbjlsgcparbtufznuqhiqsucvpi/Build/Intermediates.noindex/GroceryApp.build/Debug-iphonesimulator/GroceryApp.build/DerivedSources/GeneratedAssetSymbols-Index.plist
/Users/tim/Library/Developer/Xcode/DerivedData/GroceryApp-evbjlsgcparbtufznuqhiqsucvpi/Build/Intermediates.noindex/GroceryApp.build/Debug-iphonesimulator/GroceryApp.build/DerivedSources/GeneratedAssetSymbols.h
/Users/tim/Library/Developer/Xcode/DerivedData/GroceryApp-evbjlsgcparbtufznuqhiqsucvpi/Build/Intermediates.noindex/GroceryApp.build/Debug-iphonesimulator/GroceryApp.build/DerivedSources/GeneratedAssetSymbols.swift


Ld /Users/tim/Library/Developer/Xcode/DerivedData/GroceryApp-evbjlsgcparbtufznuqhiqsucvpi/Build/Intermediates.noindex/GroceryApp.build/Debug-iphonesimulator/GroceryApp.build/Objects-normal/x86_64/Binary/__preview.dylib normal x86_64 (in target 'GroceryApp' from project 'GroceryApp')
    cd /Users/tim/Documents/workspace/swift/apps/grocery-app/GroceryApp
    /Applications/Xcode.app/Contents/Developer/Toolchains/XcodeDefault.xctoolchain/usr/bin/clang -Xlinker -reproducible -target x86_64-apple-ios18.5-simulator -dynamiclib -isysroot /Applications/Xcode.app/Contents/Developer/Platforms/iPhoneSimulator.platform/Developer/SDKs/iPhoneSimulator26.2.sdk -O0 -L/Users/tim/Library/Developer/Xcode/DerivedData/GroceryApp-evbjlsgcparbtufznuqhiqsucvpi/Build/Products/Debug-iphonesimulator -F/Users/tim/Library/Developer/Xcode/DerivedData/GroceryApp-evbjlsgcparbtufznuqhiqsucvpi/Build/Products/Debug-iphonesimulator -install_name @rpath/GroceryApp.debug.dylib -dead_strip -rdynamic -Xlinker -no_deduplicate -Xlinker -objc_abi_version -Xlinker 2 -Xlinker -debug_variant -Xlinker -dependency_info -Xlinker /Users/tim/Library/Developer/Xcode/DerivedData/GroceryApp-evbjlsgcparbtufznuqhiqsucvpi/Build/Intermediates.noindex/GroceryApp.build/Debug-iphonesimulator/GroceryApp.build/Objects-normal/x86_64/GroceryApp_dependency_info.dat -Xlinker -sectcreate -Xlinker __TEXT -Xlinker __entitlements -Xlinker /Users/tim/Library/Developer/Xcode/DerivedData/GroceryApp-evbjlsgcparbtufznuqhiqsucvpi/Build/Intermediates.noindex/GroceryApp.build/Debug-iphonesimulator/GroceryApp.build/GroceryApp.app-Simulated.xcent -Xlinker -sectcreate -Xlinker __TEXT -Xlinker __ents_der -Xlinker /Users/tim/Library/Developer/Xcode/DerivedData/GroceryApp-evbjlsgcparbtufznuqhiqsucvpi/Build/Intermediates.noindex/GroceryApp.build/Debug-iphonesimulator/GroceryApp.build/GroceryApp.app-Simulated.xcent.der -Xlinker -no_adhoc_codesign -o /Users/tim/Library/Developer/Xcode/DerivedData/GroceryApp-evbjlsgcparbtufznuqhiqsucvpi/Build/Intermediates.noindex/GroceryApp.build/Debug-iphonesimulator/GroceryApp.build/Objects-normal/x86_64/Binary/__preview.dylib

MkDir /Users/tim/Library/Developer/Xcode/DerivedData/GroceryApp-evbjlsgcparbtufznuqhiqsucvpi/Build/Intermediates.noindex/GroceryApp.build/Debug-iphonesimulator/GroceryApp.build/assetcatalog_output/unthinned (in target 'GroceryApp' from project 'GroceryApp')
    cd /Users/tim/Documents/workspace/swift/apps/grocery-app/GroceryApp
    /bin/mkdir -p /Users/tim/Library/Developer/Xcode/DerivedData/GroceryApp-evbjlsgcparbtufznuqhiqsucvpi/Build/Intermediates.noindex/GroceryApp.build/Debug-iphonesimulator/GroceryApp.build/assetcatalog_output/unthinned

DataModelCompile /Users/tim/Library/Developer/Xcode/DerivedData/GroceryApp-evbjlsgcparbtufznuqhiqsucvpi/Build/Products/Debug-iphonesimulator/GroceryApp.app/ /Users/tim/Documents/workspace/swift/apps/grocery-app/GroceryApp/GroceryApp/GroceryApp.xcdatamodeld (in target 'GroceryApp' from project 'GroceryApp')
    cd /Users/tim/Documents/workspace/swift/apps/grocery-app/GroceryApp
    /Applications/Xcode.app/Contents/Developer/usr/bin/momc --sdkroot /Applications/Xcode.app/Contents/Developer/Platforms/iPhoneSimulator.platform/Developer/SDKs/iPhoneSimulator26.2.sdk --iphonesimulator-deployment-target 18.5 --module GroceryApp /Users/tim/Documents/workspace/swift/apps/grocery-app/GroceryApp/GroceryApp/GroceryApp.xcdatamodeld /Users/tim/Library/Developer/Xcode/DerivedData/GroceryApp-evbjlsgcparbtufznuqhiqsucvpi/Build/Products/Debug-iphonesimulator/GroceryApp.app/
GroceryApp.xcdatamodel: note: Model GroceryApp version checksum: TgrBHmcWhkPN205F/buQ7SrMJFI+kY8LGlU58WHSNho=

Ld /Users/tim/Library/Developer/Xcode/DerivedData/GroceryApp-evbjlsgcparbtufznuqhiqsucvpi/Build/Intermediates.noindex/GroceryApp.build/Debug-iphonesimulator/GroceryApp.build/Objects-normal/arm64/Binary/__preview.dylib normal arm64 (in target 'GroceryApp' from project 'GroceryApp')
    cd /Users/tim/Documents/workspace/swift/apps/grocery-app/GroceryApp
    /Applications/Xcode.app/Contents/Developer/Toolchains/XcodeDefault.xctoolchain/usr/bin/clang -Xlinker -reproducible -target arm64-apple-ios18.5-simulator -dynamiclib -isysroot /Applications/Xcode.app/Contents/Developer/Platforms/iPhoneSimulator.platform/Developer/SDKs/iPhoneSimulator26.2.sdk -O0 -L/Users/tim/Library/Developer/Xcode/DerivedData/GroceryApp-evbjlsgcparbtufznuqhiqsucvpi/Build/Products/Debug-iphonesimulator -F/Users/tim/Library/Developer/Xcode/DerivedData/GroceryApp-evbjlsgcparbtufznuqhiqsucvpi/Build/Products/Debug-iphonesimulator -install_name @rpath/GroceryApp.debug.dylib -dead_strip -rdynamic -Xlinker -no_deduplicate -Xlinker -objc_abi_version -Xlinker 2 -Xlinker -debug_variant -Xlinker -dependency_info -Xlinker /Users/tim/Library/Developer/Xcode/DerivedData/GroceryApp-evbjlsgcparbtufznuqhiqsucvpi/Build/Intermediates.noindex/GroceryApp.build/Debug-iphonesimulator/GroceryApp.build/Objects-normal/arm64/GroceryApp_dependency_info.dat -Xlinker -sectcreate -Xlinker __TEXT -Xlinker __entitlements -Xlinker /Users/tim/Library/Developer/Xcode/DerivedData/GroceryApp-evbjlsgcparbtufznuqhiqsucvpi/Build/Intermediates.noindex/GroceryApp.build/Debug-iphonesimulator/GroceryApp.build/GroceryApp.app-Simulated.xcent -Xlinker -sectcreate -Xlinker __TEXT -Xlinker __ents_der -Xlinker /Users/tim/Library/Developer/Xcode/DerivedData/GroceryApp-evbjlsgcparbtufznuqhiqsucvpi/Build/Intermediates.noindex/GroceryApp.build/Debug-iphonesimulator/GroceryApp.build/GroceryApp.app-Simulated.xcent.der -Xlinker -no_adhoc_codesign -o /Users/tim/Library/Developer/Xcode/DerivedData/GroceryApp-evbjlsgcparbtufznuqhiqsucvpi/Build/Intermediates.noindex/GroceryApp.build/Debug-iphonesimulator/GroceryApp.build/Objects-normal/arm64/Binary/__preview.dylib

CompileAssetCatalogVariant thinned /Users/tim/Library/Developer/Xcode/DerivedData/GroceryApp-evbjlsgcparbtufznuqhiqsucvpi/Build/Products/Debug-iphonesimulator/GroceryApp.app /Users/tim/Documents/workspace/swift/apps/grocery-app/GroceryApp/GroceryApp/Assets.xcassets (in target 'GroceryApp' from project 'GroceryApp')
    cd /Users/tim/Documents/workspace/swift/apps/grocery-app/GroceryApp
    /Applications/Xcode.app/Contents/Developer/usr/bin/actool /Users/tim/Documents/workspace/swift/apps/grocery-app/GroceryApp/GroceryApp/Assets.xcassets --compile /Users/tim/Library/Developer/Xcode/DerivedData/GroceryApp-evbjlsgcparbtufznuqhiqsucvpi/Build/Intermediates.noindex/GroceryApp.build/Debug-iphonesimulator/GroceryApp.build/assetcatalog_output/thinned --output-format human-readable-text --notices --warnings --export-dependency-info /Users/tim/Library/Developer/Xcode/DerivedData/GroceryApp-evbjlsgcparbtufznuqhiqsucvpi/Build/Intermediates.noindex/GroceryApp.build/Debug-iphonesimulator/GroceryApp.build/assetcatalog_dependencies_thinned --output-partial-info-plist /Users/tim/Library/Developer/Xcode/DerivedData/GroceryApp-evbjlsgcparbtufznuqhiqsucvpi/Build/Intermediates.noindex/GroceryApp.build/Debug-iphonesimulator/GroceryApp.build/assetcatalog_generated_info.plist_thinned --app-icon AppIcon --accent-color AccentColor --compress-pngs --enable-on-demand-resources YES --development-region en --target-device iphone --target-device ipad --minimum-deployment-target 18.5 --platform iphonesimulator
/* com.apple.actool.compilation-results */
/Users/tim/Library/Developer/Xcode/DerivedData/GroceryApp-evbjlsgcparbtufznuqhiqsucvpi/Build/Intermediates.noindex/GroceryApp.build/Debug-iphonesimulator/GroceryApp.build/assetcatalog_generated_info.plist_thinned
/Users/tim/Library/Developer/Xcode/DerivedData/GroceryApp-evbjlsgcparbtufznuqhiqsucvpi/Build/Intermediates.noindex/GroceryApp.build/Debug-iphonesimulator/GroceryApp.build/assetcatalog_output/thinned/AppIcon60x60@2x.png
/Users/tim/Library/Developer/Xcode/DerivedData/GroceryApp-evbjlsgcparbtufznuqhiqsucvpi/Build/Intermediates.noindex/GroceryApp.build/Debug-iphonesimulator/GroceryApp.build/assetcatalog_output/thinned/AppIcon76x76@2x~ipad.png
/Users/tim/Library/Developer/Xcode/DerivedData/GroceryApp-evbjlsgcparbtufznuqhiqsucvpi/Build/Intermediates.noindex/GroceryApp.build/Debug-iphonesimulator/GroceryApp.build/assetcatalog_output/thinned/Assets.car


CreateUniversalBinary /Users/tim/Library/Developer/Xcode/DerivedData/GroceryApp-evbjlsgcparbtufznuqhiqsucvpi/Build/Products/Debug-iphonesimulator/GroceryApp.app/__preview.dylib normal arm64\ x86_64 (in target 'GroceryApp' from project 'GroceryApp')
    cd /Users/tim/Documents/workspace/swift/apps/grocery-app/GroceryApp
    /Applications/Xcode.app/Contents/Developer/Toolchains/XcodeDefault.xctoolchain/usr/bin/lipo -create /Users/tim/Library/Developer/Xcode/DerivedData/GroceryApp-evbjlsgcparbtufznuqhiqsucvpi/Build/Intermediates.noindex/GroceryApp.build/Debug-iphonesimulator/GroceryApp.build/Objects-normal/arm64/Binary/__preview.dylib /Users/tim/Library/Developer/Xcode/DerivedData/GroceryApp-evbjlsgcparbtufznuqhiqsucvpi/Build/Intermediates.noindex/GroceryApp.build/Debug-iphonesimulator/GroceryApp.build/Objects-normal/x86_64/Binary/__preview.dylib -output /Users/tim/Library/Developer/Xcode/DerivedData/GroceryApp-evbjlsgcparbtufznuqhiqsucvpi/Build/Products/Debug-iphonesimulator/GroceryApp.app/__preview.dylib

SwiftDriver GroceryApp normal x86_64 com.apple.xcode.tools.swift.compiler (in target 'GroceryApp' from project 'GroceryApp')
    cd /Users/tim/Documents/workspace/swift/apps/grocery-app/GroceryApp
    builtin-SwiftDriver -- /Applications/Xcode.app/Contents/Developer/Toolchains/XcodeDefault.xctoolchain/usr/bin/swiftc -module-name GroceryApp -Onone -enforce-exclusivity\=checked @/Users/tim/Library/Developer/Xcode/DerivedData/GroceryApp-evbjlsgcparbtufznuqhiqsucvpi/Build/Intermediates.noindex/GroceryApp.build/Debug-iphonesimulator/GroceryApp.build/Objects-normal/x86_64/GroceryApp.SwiftFileList -DDEBUG -enable-bare-slash-regex -enable-experimental-feature DebugDescriptionMacro -sdk /Applications/Xcode.app/Contents/Developer/Platforms/iPhoneSimulator.platform/Developer/SDKs/iPhoneSimulator26.2.sdk -target x86_64-apple-ios18.5-simulator -g -module-cache-path /Users/tim/Library/Developer/Xcode/DerivedData/ModuleCache.noindex -Xfrontend -serialize-debugging-options -profile-coverage-mapping -profile-generate -enable-testing -index-store-path /Users/tim/Library/Developer/Xcode/DerivedData/GroceryApp-evbjlsgcparbtufznuqhiqsucvpi/Index.noindex/DataStore -Xcc -D_LIBCPP_HARDENING_MODE\=_LIBCPP_HARDENING_MODE_DEBUG -swift-version 5 -I /Users/tim/Library/Developer/Xcode/DerivedData/GroceryApp-evbjlsgcparbtufznuqhiqsucvpi/Build/Products/Debug-iphonesimulator -F /Users/tim/Library/Developer/Xcode/DerivedData/GroceryApp-evbjlsgcparbtufznuqhiqsucvpi/Build/Products/Debug-iphonesimulator -emit-localized-strings -emit-localized-strings-path /Users/tim/Library/Developer/Xcode/DerivedData/GroceryApp-evbjlsgcparbtufznuqhiqsucvpi/Build/Intermediates.noindex/GroceryApp.build/Debug-iphonesimulator/GroceryApp.build/Objects-normal/x86_64 -c -j10 -enable-batch-mode -incremental -Xcc -ivfsstatcache -Xcc /Users/tim/Library/Developer/Xcode/DerivedData/SDKStatCaches.noindex/iphonesimulator26.2-23C53-7d00a8b37fbd7999ea79df8ebc024bf0.sdkstatcache -output-file-map /Users/tim/Library/Developer/Xcode/DerivedData/GroceryApp-evbjlsgcparbtufznuqhiqsucvpi/Build/Intermediates.noindex/GroceryApp.build/Debug-iphonesimulator/GroceryApp.build/Objects-normal/x86_64/GroceryApp-OutputFileMap.json -use-frontend-parseable-output -save-temps -no-color-diagnostics -explicit-module-build -module-cache-path /Users/tim/Library/Developer/Xcode/DerivedData/GroceryApp-evbjlsgcparbtufznuqhiqsucvpi/Build/Intermediates.noindex/SwiftExplicitPrecompiledModules -clang-scanner-module-cache-path /Users/tim/Library/Developer/Xcode/DerivedData/ModuleCache.noindex -sdk-module-cache-path /Users/tim/Library/Developer/Xcode/DerivedData/ModuleCache.noindex -serialize-diagnostics -emit-dependencies -emit-module -emit-module-path /Users/tim/Library/Developer/Xcode/DerivedData/GroceryApp-evbjlsgcparbtufznuqhiqsucvpi/Build/Intermediates.noindex/GroceryApp.build/Debug-iphonesimulator/GroceryApp.build/Objects-normal/x86_64/GroceryApp.swiftmodule -validate-clang-modules-once -clang-build-session-file /Users/tim/Library/Developer/Xcode/DerivedData/ModuleCache.noindex/Session.modulevalidation -Xcc -I/Users/tim/Library/Developer/Xcode/DerivedData/GroceryApp-evbjlsgcparbtufznuqhiqsucvpi/Build/Intermediates.noindex/GroceryApp.build/Debug-iphonesimulator/GroceryApp.build/swift-overrides.hmap -emit-const-values -Xfrontend -const-gather-protocols-file -Xfrontend /Users/tim/Library/Developer/Xcode/DerivedData/GroceryApp-evbjlsgcparbtufznuqhiqsucvpi/Build/Intermediates.noindex/GroceryApp.build/Debug-iphonesimulator/GroceryApp.build/Objects-normal/x86_64/GroceryApp_const_extract_protocols.json -Xcc -iquote -Xcc /Users/tim/Library/Developer/Xcode/DerivedData/GroceryApp-evbjlsgcparbtufznuqhiqsucvpi/Build/Intermediates.noindex/GroceryApp.build/Debug-iphonesimulator/GroceryApp.build/GroceryApp-generated-files.hmap -Xcc -I/Users/tim/Library/Developer/Xcode/DerivedData/GroceryApp-evbjlsgcparbtufznuqhiqsucvpi/Build/Intermediates.noindex/GroceryApp.build/Debug-iphonesimulator/GroceryApp.build/GroceryApp-own-target-headers.hmap -Xcc -I/Users/tim/Library/Developer/Xcode/DerivedData/GroceryApp-evbjlsgcparbtufznuqhiqsucvpi/Build/Intermediates.noindex/GroceryApp.build/Debug-iphonesimulator/GroceryApp.build/GroceryApp-all-target-headers.hmap -Xcc -iquote -Xcc /Users/tim/Library/Developer/Xcode/DerivedData/GroceryApp-evbjlsgcparbtufznuqhiqsucvpi/Build/Intermediates.noindex/GroceryApp.build/Debug-iphonesimulator/GroceryApp.build/GroceryApp-project-headers.hmap -Xcc -I/Users/tim/Library/Developer/Xcode/DerivedData/GroceryApp-evbjlsgcparbtufznuqhiqsucvpi/Build/Products/Debug-iphonesimulator/include -Xcc -I/Users/tim/Library/Developer/Xcode/DerivedData/GroceryApp-evbjlsgcparbtufznuqhiqsucvpi/Build/Intermediates.noindex/GroceryApp.build/Debug-iphonesimulator/GroceryApp.build/DerivedSources-normal/x86_64 -Xcc -I/Users/tim/Library/Developer/Xcode/DerivedData/GroceryApp-evbjlsgcparbtufznuqhiqsucvpi/Build/Intermediates.noindex/GroceryApp.build/Debug-iphonesimulator/GroceryApp.build/DerivedSources/x86_64 -Xcc -I/Users/tim/Library/Developer/Xcode/DerivedData/GroceryApp-evbjlsgcparbtufznuqhiqsucvpi/Build/Intermediates.noindex/GroceryApp.build/Debug-iphonesimulator/GroceryApp.build/DerivedSources -Xcc -DDEBUG\=1 -emit-objc-header -emit-objc-header-path /Users/tim/Library/Developer/Xcode/DerivedData/GroceryApp-evbjlsgcparbtufznuqhiqsucvpi/Build/Intermediates.noindex/GroceryApp.build/Debug-iphonesimulator/GroceryApp.build/Objects-normal/x86_64/GroceryApp-Swift.h -working-directory /Users/tim/Documents/workspace/swift/apps/grocery-app/GroceryApp -experimental-emit-module-separately -disable-cmo

SwiftDriver GroceryApp normal arm64 com.apple.xcode.tools.swift.compiler (in target 'GroceryApp' from project 'GroceryApp')
    cd /Users/tim/Documents/workspace/swift/apps/grocery-app/GroceryApp
    builtin-SwiftDriver -- /Applications/Xcode.app/Contents/Developer/Toolchains/XcodeDefault.xctoolchain/usr/bin/swiftc -module-name GroceryApp -Onone -enforce-exclusivity\=checked @/Users/tim/Library/Developer/Xcode/DerivedData/GroceryApp-evbjlsgcparbtufznuqhiqsucvpi/Build/Intermediates.noindex/GroceryApp.build/Debug-iphonesimulator/GroceryApp.build/Objects-normal/arm64/GroceryApp.SwiftFileList -DDEBUG -enable-bare-slash-regex -enable-experimental-feature DebugDescriptionMacro -sdk /Applications/Xcode.app/Contents/Developer/Platforms/iPhoneSimulator.platform/Developer/SDKs/iPhoneSimulator26.2.sdk -target arm64-apple-ios18.5-simulator -g -module-cache-path /Users/tim/Library/Developer/Xcode/DerivedData/ModuleCache.noindex -Xfrontend -serialize-debugging-options -profile-coverage-mapping -profile-generate -enable-testing -index-store-path /Users/tim/Library/Developer/Xcode/DerivedData/GroceryApp-evbjlsgcparbtufznuqhiqsucvpi/Index.noindex/DataStore -Xcc -D_LIBCPP_HARDENING_MODE\=_LIBCPP_HARDENING_MODE_DEBUG -swift-version 5 -I /Users/tim/Library/Developer/Xcode/DerivedData/GroceryApp-evbjlsgcparbtufznuqhiqsucvpi/Build/Products/Debug-iphonesimulator -F /Users/tim/Library/Developer/Xcode/DerivedData/GroceryApp-evbjlsgcparbtufznuqhiqsucvpi/Build/Products/Debug-iphonesimulator -emit-localized-strings -emit-localized-strings-path /Users/tim/Library/Developer/Xcode/DerivedData/GroceryApp-evbjlsgcparbtufznuqhiqsucvpi/Build/Intermediates.noindex/GroceryApp.build/Debug-iphonesimulator/GroceryApp.build/Objects-normal/arm64 -c -j10 -enable-batch-mode -incremental -Xcc -ivfsstatcache -Xcc /Users/tim/Library/Developer/Xcode/DerivedData/SDKStatCaches.noindex/iphonesimulator26.2-23C53-7d00a8b37fbd7999ea79df8ebc024bf0.sdkstatcache -output-file-map /Users/tim/Library/Developer/Xcode/DerivedData/GroceryApp-evbjlsgcparbtufznuqhiqsucvpi/Build/Intermediates.noindex/GroceryApp.build/Debug-iphonesimulator/GroceryApp.build/Objects-normal/arm64/GroceryApp-OutputFileMap.json -use-frontend-parseable-output -save-temps -no-color-diagnostics -explicit-module-build -module-cache-path /Users/tim/Library/Developer/Xcode/DerivedData/GroceryApp-evbjlsgcparbtufznuqhiqsucvpi/Build/Intermediates.noindex/SwiftExplicitPrecompiledModules -clang-scanner-module-cache-path /Users/tim/Library/Developer/Xcode/DerivedData/ModuleCache.noindex -sdk-module-cache-path /Users/tim/Library/Developer/Xcode/DerivedData/ModuleCache.noindex -serialize-diagnostics -emit-dependencies -emit-module -emit-module-path /Users/tim/Library/Developer/Xcode/DerivedData/GroceryApp-evbjlsgcparbtufznuqhiqsucvpi/Build/Intermediates.noindex/GroceryApp.build/Debug-iphonesimulator/GroceryApp.build/Objects-normal/arm64/GroceryApp.swiftmodule -validate-clang-modules-once -clang-build-session-file /Users/tim/Library/Developer/Xcode/DerivedData/ModuleCache.noindex/Session.modulevalidation -Xcc -I/Users/tim/Library/Developer/Xcode/DerivedData/GroceryApp-evbjlsgcparbtufznuqhiqsucvpi/Build/Intermediates.noindex/GroceryApp.build/Debug-iphonesimulator/GroceryApp.build/swift-overrides.hmap -emit-const-values -Xfrontend -const-gather-protocols-file -Xfrontend /Users/tim/Library/Developer/Xcode/DerivedData/GroceryApp-evbjlsgcparbtufznuqhiqsucvpi/Build/Intermediates.noindex/GroceryApp.build/Debug-iphonesimulator/GroceryApp.build/Objects-normal/arm64/GroceryApp_const_extract_protocols.json -Xcc -iquote -Xcc /Users/tim/Library/Developer/Xcode/DerivedData/GroceryApp-evbjlsgcparbtufznuqhiqsucvpi/Build/Intermediates.noindex/GroceryApp.build/Debug-iphonesimulator/GroceryApp.build/GroceryApp-generated-files.hmap -Xcc -I/Users/tim/Library/Developer/Xcode/DerivedData/GroceryApp-evbjlsgcparbtufznuqhiqsucvpi/Build/Intermediates.noindex/GroceryApp.build/Debug-iphonesimulator/GroceryApp.build/GroceryApp-own-target-headers.hmap -Xcc -I/Users/tim/Library/Developer/Xcode/DerivedData/GroceryApp-evbjlsgcparbtufznuqhiqsucvpi/Build/Intermediates.noindex/GroceryApp.build/Debug-iphonesimulator/GroceryApp.build/GroceryApp-all-target-headers.hmap -Xcc -iquote -Xcc /Users/tim/Library/Developer/Xcode/DerivedData/GroceryApp-evbjlsgcparbtufznuqhiqsucvpi/Build/Intermediates.noindex/GroceryApp.build/Debug-iphonesimulator/GroceryApp.build/GroceryApp-project-headers.hmap -Xcc -I/Users/tim/Library/Developer/Xcode/DerivedData/GroceryApp-evbjlsgcparbtufznuqhiqsucvpi/Build/Products/Debug-iphonesimulator/include -Xcc -I/Users/tim/Library/Developer/Xcode/DerivedData/GroceryApp-evbjlsgcparbtufznuqhiqsucvpi/Build/Intermediates.noindex/GroceryApp.build/Debug-iphonesimulator/GroceryApp.build/DerivedSources-normal/arm64 -Xcc -I/Users/tim/Library/Developer/Xcode/DerivedData/GroceryApp-evbjlsgcparbtufznuqhiqsucvpi/Build/Intermediates.noindex/GroceryApp.build/Debug-iphonesimulator/GroceryApp.build/DerivedSources/arm64 -Xcc -I/Users/tim/Library/Developer/Xcode/DerivedData/GroceryApp-evbjlsgcparbtufznuqhiqsucvpi/Build/Intermediates.noindex/GroceryApp.build/Debug-iphonesimulator/GroceryApp.build/DerivedSources -Xcc -DDEBUG\=1 -emit-objc-header -emit-objc-header-path /Users/tim/Library/Developer/Xcode/DerivedData/GroceryApp-evbjlsgcparbtufznuqhiqsucvpi/Build/Intermediates.noindex/GroceryApp.build/Debug-iphonesimulator/GroceryApp.build/Objects-normal/arm64/GroceryApp-Swift.h -working-directory /Users/tim/Documents/workspace/swift/apps/grocery-app/GroceryApp -experimental-emit-module-separately -disable-cmo

LinkAssetCatalog /Users/tim/Documents/workspace/swift/apps/grocery-app/GroceryApp/GroceryApp/Assets.xcassets (in target 'GroceryApp' from project 'GroceryApp')
    cd /Users/tim/Documents/workspace/swift/apps/grocery-app/GroceryApp
    builtin-linkAssetCatalog --thinned /Users/tim/Library/Developer/Xcode/DerivedData/GroceryApp-evbjlsgcparbtufznuqhiqsucvpi/Build/Intermediates.noindex/GroceryApp.build/Debug-iphonesimulator/GroceryApp.build/assetcatalog_output/thinned --thinned-dependencies /Users/tim/Library/Developer/Xcode/DerivedData/GroceryApp-evbjlsgcparbtufznuqhiqsucvpi/Build/Intermediates.noindex/GroceryApp.build/Debug-iphonesimulator/GroceryApp.build/assetcatalog_dependencies_thinned --thinned-info-plist-content /Users/tim/Library/Developer/Xcode/DerivedData/GroceryApp-evbjlsgcparbtufznuqhiqsucvpi/Build/Intermediates.noindex/GroceryApp.build/Debug-iphonesimulator/GroceryApp.build/assetcatalog_generated_info.plist_thinned --unthinned /Users/tim/Library/Developer/Xcode/DerivedData/GroceryApp-evbjlsgcparbtufznuqhiqsucvpi/Build/Intermediates.noindex/GroceryApp.build/Debug-iphonesimulator/GroceryApp.build/assetcatalog_output/unthinned --unthinned-dependencies /Users/tim/Library/Developer/Xcode/DerivedData/GroceryApp-evbjlsgcparbtufznuqhiqsucvpi/Build/Intermediates.noindex/GroceryApp.build/Debug-iphonesimulator/GroceryApp.build/assetcatalog_dependencies_unthinned --unthinned-info-plist-content /Users/tim/Library/Developer/Xcode/DerivedData/GroceryApp-evbjlsgcparbtufznuqhiqsucvpi/Build/Intermediates.noindex/GroceryApp.build/Debug-iphonesimulator/GroceryApp.build/assetcatalog_generated_info.plist_unthinned --output /Users/tim/Library/Developer/Xcode/DerivedData/GroceryApp-evbjlsgcparbtufznuqhiqsucvpi/Build/Products/Debug-iphonesimulator/GroceryApp.app --plist-output /Users/tim/Library/Developer/Xcode/DerivedData/GroceryApp-evbjlsgcparbtufznuqhiqsucvpi/Build/Intermediates.noindex/GroceryApp.build/Debug-iphonesimulator/GroceryApp.build/assetcatalog_generated_info.plist
note: Emplaced /Users/tim/Library/Developer/Xcode/DerivedData/GroceryApp-evbjlsgcparbtufznuqhiqsucvpi/Build/Products/Debug-iphonesimulator/GroceryApp.app/Assets.car (in target 'GroceryApp' from project 'GroceryApp')
note: Emplaced /Users/tim/Library/Developer/Xcode/DerivedData/GroceryApp-evbjlsgcparbtufznuqhiqsucvpi/Build/Products/Debug-iphonesimulator/GroceryApp.app/AppIcon76x76@2x~ipad.png (in target 'GroceryApp' from project 'GroceryApp')
note: Emplaced /Users/tim/Library/Developer/Xcode/DerivedData/GroceryApp-evbjlsgcparbtufznuqhiqsucvpi/Build/Products/Debug-iphonesimulator/GroceryApp.app/AppIcon60x60@2x.png (in target 'GroceryApp' from project 'GroceryApp')

ProcessInfoPlistFile /Users/tim/Library/Developer/Xcode/DerivedData/GroceryApp-evbjlsgcparbtufznuqhiqsucvpi/Build/Products/Debug-iphonesimulator/GroceryApp.app/Info.plist /Users/tim/Library/Developer/Xcode/DerivedData/GroceryApp-evbjlsgcparbtufznuqhiqsucvpi/Build/Intermediates.noindex/GroceryApp.build/Debug-iphonesimulator/GroceryApp.build/empty-GroceryApp.plist (in target 'GroceryApp' from project 'GroceryApp')
    cd /Users/tim/Documents/workspace/swift/apps/grocery-app/GroceryApp
    builtin-infoPlistUtility /Users/tim/Library/Developer/Xcode/DerivedData/GroceryApp-evbjlsgcparbtufznuqhiqsucvpi/Build/Intermediates.noindex/GroceryApp.build/Debug-iphonesimulator/GroceryApp.build/empty-GroceryApp.plist -producttype com.apple.product-type.application -genpkginfo /Users/tim/Library/Developer/Xcode/DerivedData/GroceryApp-evbjlsgcparbtufznuqhiqsucvpi/Build/Products/Debug-iphonesimulator/GroceryApp.app/PkgInfo -expandbuildsettings -format binary -platform iphonesimulator -additionalcontentfile /Users/tim/Library/Developer/Xcode/DerivedData/GroceryApp-evbjlsgcparbtufznuqhiqsucvpi/Build/Intermediates.noindex/GroceryApp.build/Debug-iphonesimulator/GroceryApp.build/assetcatalog_generated_info.plist -o /Users/tim/Library/Developer/Xcode/DerivedData/GroceryApp-evbjlsgcparbtufznuqhiqsucvpi/Build/Products/Debug-iphonesimulator/GroceryApp.app/Info.plist

SwiftCompile normal arm64 Compiling\ Category+CoreDataClass.swift,\ Category+CoreDataProperties.swift,\ GroceryCategory.swift,\ GroceryItem+CoreDataClass.swift /Users/tim/Documents/workspace/swift/apps/grocery-app/GroceryApp/GroceryApp/Models/Category+CoreDataClass.swift /Users/tim/Documents/workspace/swift/apps/grocery-app/GroceryApp/GroceryApp/Models/Category+CoreDataProperties.swift /Users/tim/Documents/workspace/swift/apps/grocery-app/GroceryApp/GroceryApp/Models/GroceryCategory.swift /Users/tim/Documents/workspace/swift/apps/grocery-app/GroceryApp/GroceryApp/Models/GroceryItem+CoreDataClass.swift (in target 'GroceryApp' from project 'GroceryApp')

SwiftCompile normal arm64 /Users/tim/Documents/workspace/swift/apps/grocery-app/GroceryApp/GroceryApp/Models/Category+CoreDataClass.swift (in target 'GroceryApp' from project 'GroceryApp')
    cd /Users/tim/Documents/workspace/swift/apps/grocery-app/GroceryApp
    

SwiftCompile normal arm64 /Users/tim/Documents/workspace/swift/apps/grocery-app/GroceryApp/GroceryApp/Models/Category+CoreDataProperties.swift (in target 'GroceryApp' from project 'GroceryApp')
    cd /Users/tim/Documents/workspace/swift/apps/grocery-app/GroceryApp
    

SwiftCompile normal arm64 /Users/tim/Documents/workspace/swift/apps/grocery-app/GroceryApp/GroceryApp/Models/GroceryCategory.swift (in target 'GroceryApp' from project 'GroceryApp')
    cd /Users/tim/Documents/workspace/swift/apps/grocery-app/GroceryApp
    

SwiftCompile normal arm64 /Users/tim/Documents/workspace/swift/apps/grocery-app/GroceryApp/GroceryApp/Models/GroceryItem+CoreDataClass.swift (in target 'GroceryApp' from project 'GroceryApp')
    cd /Users/tim/Documents/workspace/swift/apps/grocery-app/GroceryApp
    

SwiftCompile normal arm64 Compiling\ ImportData.swift,\ MasterListImportService.swift,\ ShoppingListService.swift /Users/tim/Documents/workspace/swift/apps/grocery-app/GroceryApp/GroceryApp/Services/ImportData.swift /Users/tim/Documents/workspace/swift/apps/grocery-app/GroceryApp/GroceryApp/Services/MasterListImportService.swift /Users/tim/Documents/workspace/swift/apps/grocery-app/GroceryApp/GroceryApp/Services/ShoppingListService.swift (in target 'GroceryApp' from project 'GroceryApp')
SwiftCompile normal arm64 /Users/tim/Documents/workspace/swift/apps/grocery-app/GroceryApp/GroceryApp/Services/ImportData.swift (in target 'GroceryApp' from project 'GroceryApp')
    cd /Users/tim/Documents/workspace/swift/apps/grocery-app/GroceryApp
    

SwiftCompile normal arm64 /Users/tim/Documents/workspace/swift/apps/grocery-app/GroceryApp/GroceryApp/Services/MasterListImportService.swift (in target 'GroceryApp' from project 'GroceryApp')
    cd /Users/tim/Documents/workspace/swift/apps/grocery-app/GroceryApp
    

SwiftCompile normal arm64 /Users/tim/Documents/workspace/swift/apps/grocery-app/GroceryApp/GroceryApp/Services/ShoppingListService.swift (in target 'GroceryApp' from project 'GroceryApp')
    cd /Users/tim/Documents/workspace/swift/apps/grocery-app/GroceryApp
    

SwiftCompile normal arm64 Compiling\ StoreSelectionView.swift,\ StoreShoppingListView.swift,\ ContentView.swift /Users/tim/Documents/workspace/swift/apps/grocery-app/GroceryApp/GroceryApp/Views/StoreSelectionView.swift /Users/tim/Documents/workspace/swift/apps/grocery-app/GroceryApp/GroceryApp/Views/StoreShoppingListView.swift /Users/tim/Documents/workspace/swift/apps/grocery-app/GroceryApp/GroceryApp/ContentView.swift (in target 'GroceryApp' from project 'GroceryApp')
SwiftCompile normal arm64 /Users/tim/Documents/workspace/swift/apps/grocery-app/GroceryApp/GroceryApp/Views/StoreSelectionView.swift (in target 'GroceryApp' from project 'GroceryApp')
    cd /Users/tim/Documents/workspace/swift/apps/grocery-app/GroceryApp
    

SwiftCompile normal arm64 /Users/tim/Documents/workspace/swift/apps/grocery-app/GroceryApp/GroceryApp/Views/StoreShoppingListView.swift (in target 'GroceryApp' from project 'GroceryApp')
    cd /Users/tim/Documents/workspace/swift/apps/grocery-app/GroceryApp
    

SwiftCompile normal arm64 /Users/tim/Documents/workspace/swift/apps/grocery-app/GroceryApp/GroceryApp/ContentView.swift (in target 'GroceryApp' from project 'GroceryApp')
    cd /Users/tim/Documents/workspace/swift/apps/grocery-app/GroceryApp
    

SwiftCompile normal arm64 Compiling\ SettingsView.swift,\ ShoppingListView.swift,\ StoreListView.swift /Users/tim/Documents/workspace/swift/apps/grocery-app/GroceryApp/GroceryApp/Views/SettingsView.swift /Users/tim/Documents/workspace/swift/apps/grocery-app/GroceryApp/GroceryApp/Views/ShoppingListView.swift /Users/tim/Documents/workspace/swift/apps/grocery-app/GroceryApp/GroceryApp/Views/StoreListView.swift (in target 'GroceryApp' from project 'GroceryApp')

SwiftCompile normal arm64 /Users/tim/Documents/workspace/swift/apps/grocery-app/GroceryApp/GroceryApp/Views/SettingsView.swift (in target 'GroceryApp' from project 'GroceryApp')
    cd /Users/tim/Documents/workspace/swift/apps/grocery-app/GroceryApp
    

SwiftCompile normal arm64 /Users/tim/Documents/workspace/swift/apps/grocery-app/GroceryApp/GroceryApp/Views/ShoppingListView.swift (in target 'GroceryApp' from project 'GroceryApp')
    cd /Users/tim/Documents/workspace/swift/apps/grocery-app/GroceryApp
    

SwiftCompile normal arm64 /Users/tim/Documents/workspace/swift/apps/grocery-app/GroceryApp/GroceryApp/Views/StoreListView.swift (in target 'GroceryApp' from project 'GroceryApp')
    cd /Users/tim/Documents/workspace/swift/apps/grocery-app/GroceryApp
    

SwiftEmitModule normal arm64 Emitting\ module\ for\ GroceryApp (in target 'GroceryApp' from project 'GroceryApp')

EmitSwiftModule normal arm64 (in target 'GroceryApp' from project 'GroceryApp')
    cd /Users/tim/Documents/workspace/swift/apps/grocery-app/GroceryApp
    

SwiftCompile normal arm64 Compiling\ GroceryAppApp.swift,\ Persistence.swift,\ GeneratedAssetSymbols.swift /Users/tim/Documents/workspace/swift/apps/grocery-app/GroceryApp/GroceryApp/GroceryAppApp.swift /Users/tim/Documents/workspace/swift/apps/grocery-app/GroceryApp/GroceryApp/Persistence.swift /Users/tim/Library/Developer/Xcode/DerivedData/GroceryApp-evbjlsgcparbtufznuqhiqsucvpi/Build/Intermediates.noindex/GroceryApp.build/Debug-iphonesimulator/GroceryApp.build/DerivedSources/GeneratedAssetSymbols.swift (in target 'GroceryApp' from project 'GroceryApp')

SwiftCompile normal arm64 /Users/tim/Documents/workspace/swift/apps/grocery-app/GroceryApp/GroceryApp/GroceryAppApp.swift (in target 'GroceryApp' from project 'GroceryApp')
    cd /Users/tim/Documents/workspace/swift/apps/grocery-app/GroceryApp
    

SwiftCompile normal arm64 /Users/tim/Documents/workspace/swift/apps/grocery-app/GroceryApp/GroceryApp/Persistence.swift (in target 'GroceryApp' from project 'GroceryApp')
    cd /Users/tim/Documents/workspace/swift/apps/grocery-app/GroceryApp
    

SwiftCompile normal arm64 /Users/tim/Library/Developer/Xcode/DerivedData/GroceryApp-evbjlsgcparbtufznuqhiqsucvpi/Build/Intermediates.noindex/GroceryApp.build/Debug-iphonesimulator/GroceryApp.build/DerivedSources/GeneratedAssetSymbols.swift (in target 'GroceryApp' from project 'GroceryApp')
    cd /Users/tim/Documents/workspace/swift/apps/grocery-app/GroceryApp
    

SwiftCompile normal arm64 Compiling\ LandingView.swift,\ MainTabView.swift,\ MasterListView.swift /Users/tim/Documents/workspace/swift/apps/grocery-app/GroceryApp/GroceryApp/Views/LandingView.swift /Users/tim/Documents/workspace/swift/apps/grocery-app/GroceryApp/GroceryApp/Views/MainTabView.swift /Users/tim/Documents/workspace/swift/apps/grocery-app/GroceryApp/GroceryApp/Views/MasterListView.swift (in target 'GroceryApp' from project 'GroceryApp')

SwiftCompile normal arm64 /Users/tim/Documents/workspace/swift/apps/grocery-app/GroceryApp/GroceryApp/Views/LandingView.swift (in target 'GroceryApp' from project 'GroceryApp')
    cd /Users/tim/Documents/workspace/swift/apps/grocery-app/GroceryApp
    

SwiftCompile normal arm64 /Users/tim/Documents/workspace/swift/apps/grocery-app/GroceryApp/GroceryApp/Views/MainTabView.swift (in target 'GroceryApp' from project 'GroceryApp')
    cd /Users/tim/Documents/workspace/swift/apps/grocery-app/GroceryApp
    

SwiftCompile normal arm64 /Users/tim/Documents/workspace/swift/apps/grocery-app/GroceryApp/GroceryApp/Views/MasterListView.swift (in target 'GroceryApp' from project 'GroceryApp')
    cd /Users/tim/Documents/workspace/swift/apps/grocery-app/GroceryApp
    

SwiftCompile normal x86_64 Compiling\ Category+CoreDataClass.swift,\ Category+CoreDataProperties.swift,\ GroceryCategory.swift,\ GroceryItem+CoreDataClass.swift /Users/tim/Documents/workspace/swift/apps/grocery-app/GroceryApp/GroceryApp/Models/Category+CoreDataClass.swift /Users/tim/Documents/workspace/swift/apps/grocery-app/GroceryApp/GroceryApp/Models/Category+CoreDataProperties.swift /Users/tim/Documents/workspace/swift/apps/grocery-app/GroceryApp/GroceryApp/Models/GroceryCategory.swift /Users/tim/Documents/workspace/swift/apps/grocery-app/GroceryApp/GroceryApp/Models/GroceryItem+CoreDataClass.swift (in target 'GroceryApp' from project 'GroceryApp')

SwiftCompile normal x86_64 /Users/tim/Documents/workspace/swift/apps/grocery-app/GroceryApp/GroceryApp/Models/Category+CoreDataClass.swift (in target 'GroceryApp' from project 'GroceryApp')
    cd /Users/tim/Documents/workspace/swift/apps/grocery-app/GroceryApp
    

SwiftCompile normal x86_64 /Users/tim/Documents/workspace/swift/apps/grocery-app/GroceryApp/GroceryApp/Models/Category+CoreDataProperties.swift (in target 'GroceryApp' from project 'GroceryApp')
    cd /Users/tim/Documents/workspace/swift/apps/grocery-app/GroceryApp
    

SwiftCompile normal x86_64 /Users/tim/Documents/workspace/swift/apps/grocery-app/GroceryApp/GroceryApp/Models/GroceryCategory.swift (in target 'GroceryApp' from project 'GroceryApp')
    cd /Users/tim/Documents/workspace/swift/apps/grocery-app/GroceryApp
    

SwiftCompile normal x86_64 /Users/tim/Documents/workspace/swift/apps/grocery-app/GroceryApp/GroceryApp/Models/GroceryItem+CoreDataClass.swift (in target 'GroceryApp' from project 'GroceryApp')
    cd /Users/tim/Documents/workspace/swift/apps/grocery-app/GroceryApp
    

SwiftEmitModule normal x86_64 Emitting\ module\ for\ GroceryApp (in target 'GroceryApp' from project 'GroceryApp')

EmitSwiftModule normal x86_64 (in target 'GroceryApp' from project 'GroceryApp')
    cd /Users/tim/Documents/workspace/swift/apps/grocery-app/GroceryApp
    

SwiftCompile normal arm64 Compiling\ Store+CoreDataProperties.swift,\ CategoryService.swift,\ DataService.swift /Users/tim/Documents/workspace/swift/apps/grocery-app/GroceryApp/GroceryApp/Models/Store+CoreDataProperties.swift /Users/tim/Documents/workspace/swift/apps/grocery-app/GroceryApp/GroceryApp/Services/CategoryService.swift /Users/tim/Documents/workspace/swift/apps/grocery-app/GroceryApp/GroceryApp/Services/DataService.swift (in target 'GroceryApp' from project 'GroceryApp')

SwiftCompile normal arm64 /Users/tim/Documents/workspace/swift/apps/grocery-app/GroceryApp/GroceryApp/Models/Store+CoreDataProperties.swift (in target 'GroceryApp' from project 'GroceryApp')
    cd /Users/tim/Documents/workspace/swift/apps/grocery-app/GroceryApp
    

SwiftCompile normal arm64 /Users/tim/Documents/workspace/swift/apps/grocery-app/GroceryApp/GroceryApp/Services/CategoryService.swift (in target 'GroceryApp' from project 'GroceryApp')
    cd /Users/tim/Documents/workspace/swift/apps/grocery-app/GroceryApp
    

SwiftCompile normal arm64 /Users/tim/Documents/workspace/swift/apps/grocery-app/GroceryApp/GroceryApp/Services/DataService.swift (in target 'GroceryApp' from project 'GroceryApp')
    cd /Users/tim/Documents/workspace/swift/apps/grocery-app/GroceryApp
    

SwiftCompile normal x86_64 Compiling\ StoreSelectionView.swift,\ StoreShoppingListView.swift,\ ContentView.swift /Users/tim/Documents/workspace/swift/apps/grocery-app/GroceryApp/GroceryApp/Views/StoreSelectionView.swift /Users/tim/Documents/workspace/swift/apps/grocery-app/GroceryApp/GroceryApp/Views/StoreShoppingListView.swift /Users/tim/Documents/workspace/swift/apps/grocery-app/GroceryApp/GroceryApp/ContentView.swift (in target 'GroceryApp' from project 'GroceryApp')
SwiftCompile normal x86_64 /Users/tim/Documents/workspace/swift/apps/grocery-app/GroceryApp/GroceryApp/Views/StoreSelectionView.swift (in target 'GroceryApp' from project 'GroceryApp')
    cd /Users/tim/Documents/workspace/swift/apps/grocery-app/GroceryApp
    

SwiftCompile normal x86_64 /Users/tim/Documents/workspace/swift/apps/grocery-app/GroceryApp/GroceryApp/Views/StoreShoppingListView.swift (in target 'GroceryApp' from project 'GroceryApp')
    cd /Users/tim/Documents/workspace/swift/apps/grocery-app/GroceryApp
    

SwiftCompile normal x86_64 /Users/tim/Documents/workspace/swift/apps/grocery-app/GroceryApp/GroceryApp/ContentView.swift (in target 'GroceryApp' from project 'GroceryApp')
    cd /Users/tim/Documents/workspace/swift/apps/grocery-app/GroceryApp
    

SwiftDriverJobDiscovery normal arm64 Compiling Category+CoreDataClass.swift, Category+CoreDataProperties.swift, GroceryCategory.swift, GroceryItem+CoreDataClass.swift (in target 'GroceryApp' from project 'GroceryApp')

SwiftCompile normal x86_64 Compiling\ StoreService.swift,\ AboutView.swift,\ AddCategoryView.swift /Users/tim/Documents/workspace/swift/apps/grocery-app/GroceryApp/GroceryApp/Services/StoreService.swift /Users/tim/Documents/workspace/swift/apps/grocery-app/GroceryApp/GroceryApp/Views/AboutView.swift /Users/tim/Documents/workspace/swift/apps/grocery-app/GroceryApp/GroceryApp/Views/AddCategoryView.swift (in target 'GroceryApp' from project 'GroceryApp')

SwiftCompile normal x86_64 /Users/tim/Documents/workspace/swift/apps/grocery-app/GroceryApp/GroceryApp/Services/StoreService.swift (in target 'GroceryApp' from project 'GroceryApp')
    cd /Users/tim/Documents/workspace/swift/apps/grocery-app/GroceryApp
    

SwiftCompile normal x86_64 /Users/tim/Documents/workspace/swift/apps/grocery-app/GroceryApp/GroceryApp/Views/AboutView.swift (in target 'GroceryApp' from project 'GroceryApp')
    cd /Users/tim/Documents/workspace/swift/apps/grocery-app/GroceryApp
    

SwiftCompile normal x86_64 /Users/tim/Documents/workspace/swift/apps/grocery-app/GroceryApp/GroceryApp/Views/AddCategoryView.swift (in target 'GroceryApp' from project 'GroceryApp')
    cd /Users/tim/Documents/workspace/swift/apps/grocery-app/GroceryApp
    

SwiftDriverJobDiscovery normal x86_64 Compiling Category+CoreDataClass.swift, Category+CoreDataProperties.swift, GroceryCategory.swift, GroceryItem+CoreDataClass.swift (in target 'GroceryApp' from project 'GroceryApp')

SwiftCompile normal x86_64 Compiling\ AddItemView.swift,\ AddStoreView.swift,\ HelpView.swift /Users/tim/Documents/workspace/swift/apps/grocery-app/GroceryApp/GroceryApp/Views/AddItemView.swift /Users/tim/Documents/workspace/swift/apps/grocery-app/GroceryApp/GroceryApp/Views/AddStoreView.swift /Users/tim/Documents/workspace/swift/apps/grocery-app/GroceryApp/GroceryApp/Views/HelpView.swift (in target 'GroceryApp' from project 'GroceryApp')

SwiftCompile normal x86_64 /Users/tim/Documents/workspace/swift/apps/grocery-app/GroceryApp/GroceryApp/Views/AddItemView.swift (in target 'GroceryApp' from project 'GroceryApp')
    cd /Users/tim/Documents/workspace/swift/apps/grocery-app/GroceryApp
    

SwiftCompile normal x86_64 /Users/tim/Documents/workspace/swift/apps/grocery-app/GroceryApp/GroceryApp/Views/AddStoreView.swift (in target 'GroceryApp' from project 'GroceryApp')
    cd /Users/tim/Documents/workspace/swift/apps/grocery-app/GroceryApp
    

SwiftCompile normal x86_64 /Users/tim/Documents/workspace/swift/apps/grocery-app/GroceryApp/GroceryApp/Views/HelpView.swift (in target 'GroceryApp' from project 'GroceryApp')
    cd /Users/tim/Documents/workspace/swift/apps/grocery-app/GroceryApp
    

SwiftDriverJobDiscovery normal arm64 Compiling GroceryAppApp.swift, Persistence.swift, GeneratedAssetSymbols.swift (in target 'GroceryApp' from project 'GroceryApp')

SwiftCompile normal x86_64 Compiling\ ImportData.swift,\ MasterListImportService.swift,\ ShoppingListService.swift /Users/tim/Documents/workspace/swift/apps/grocery-app/GroceryApp/GroceryApp/Services/ImportData.swift /Users/tim/Documents/workspace/swift/apps/grocery-app/GroceryApp/GroceryApp/Services/MasterListImportService.swift /Users/tim/Documents/workspace/swift/apps/grocery-app/GroceryApp/GroceryApp/Services/ShoppingListService.swift (in target 'GroceryApp' from project 'GroceryApp')

SwiftCompile normal x86_64 /Users/tim/Documents/workspace/swift/apps/grocery-app/GroceryApp/GroceryApp/Services/ImportData.swift (in target 'GroceryApp' from project 'GroceryApp')
    cd /Users/tim/Documents/workspace/swift/apps/grocery-app/GroceryApp
    

SwiftCompile normal x86_64 /Users/tim/Documents/workspace/swift/apps/grocery-app/GroceryApp/GroceryApp/Services/MasterListImportService.swift (in target 'GroceryApp' from project 'GroceryApp')
    cd /Users/tim/Documents/workspace/swift/apps/grocery-app/GroceryApp
    

SwiftCompile normal x86_64 /Users/tim/Documents/workspace/swift/apps/grocery-app/GroceryApp/GroceryApp/Services/ShoppingListService.swift (in target 'GroceryApp' from project 'GroceryApp')
    cd /Users/tim/Documents/workspace/swift/apps/grocery-app/GroceryApp
    

SwiftDriverJobDiscovery normal arm64 Compiling Store+CoreDataProperties.swift, CategoryService.swift, DataService.swift (in target 'GroceryApp' from project 'GroceryApp')

SwiftCompile normal arm64 Compiling\ StoreService.swift,\ AboutView.swift,\ AddCategoryView.swift /Users/tim/Documents/workspace/swift/apps/grocery-app/GroceryApp/GroceryApp/Services/StoreService.swift /Users/tim/Documents/workspace/swift/apps/grocery-app/GroceryApp/GroceryApp/Views/AboutView.swift /Users/tim/Documents/workspace/swift/apps/grocery-app/GroceryApp/GroceryApp/Views/AddCategoryView.swift (in target 'GroceryApp' from project 'GroceryApp')

SwiftCompile normal arm64 /Users/tim/Documents/workspace/swift/apps/grocery-app/GroceryApp/GroceryApp/Services/StoreService.swift (in target 'GroceryApp' from project 'GroceryApp')
    cd /Users/tim/Documents/workspace/swift/apps/grocery-app/GroceryApp
    

SwiftCompile normal arm64 /Users/tim/Documents/workspace/swift/apps/grocery-app/GroceryApp/GroceryApp/Views/AboutView.swift (in target 'GroceryApp' from project 'GroceryApp')
    cd /Users/tim/Documents/workspace/swift/apps/grocery-app/GroceryApp
    

SwiftCompile normal arm64 /Users/tim/Documents/workspace/swift/apps/grocery-app/GroceryApp/GroceryApp/Views/AddCategoryView.swift (in target 'GroceryApp' from project 'GroceryApp')
    cd /Users/tim/Documents/workspace/swift/apps/grocery-app/GroceryApp
    

SwiftDriverJobDiscovery normal arm64 Emitting module for GroceryApp (in target 'GroceryApp' from project 'GroceryApp')

SwiftDriver\ Compilation\ Requirements GroceryApp normal arm64 com.apple.xcode.tools.swift.compiler (in target 'GroceryApp' from project 'GroceryApp')
    cd /Users/tim/Documents/workspace/swift/apps/grocery-app/GroceryApp
    builtin-Swift-Compilation-Requirements -- /Applications/Xcode.app/Contents/Developer/Toolchains/XcodeDefault.xctoolchain/usr/bin/swiftc -module-name GroceryApp -Onone -enforce-exclusivity\=checked @/Users/tim/Library/Developer/Xcode/DerivedData/GroceryApp-evbjlsgcparbtufznuqhiqsucvpi/Build/Intermediates.noindex/GroceryApp.build/Debug-iphonesimulator/GroceryApp.build/Objects-normal/arm64/GroceryApp.SwiftFileList -DDEBUG -enable-bare-slash-regex -enable-experimental-feature DebugDescriptionMacro -sdk /Applications/Xcode.app/Contents/Developer/Platforms/iPhoneSimulator.platform/Developer/SDKs/iPhoneSimulator26.2.sdk -target arm64-apple-ios18.5-simulator -g -module-cache-path /Users/tim/Library/Developer/Xcode/DerivedData/ModuleCache.noindex -Xfrontend -serialize-debugging-options -profile-coverage-mapping -profile-generate -enable-testing -index-store-path /Users/tim/Library/Developer/Xcode/DerivedData/GroceryApp-evbjlsgcparbtufznuqhiqsucvpi/Index.noindex/DataStore -Xcc -D_LIBCPP_HARDENING_MODE\=_LIBCPP_HARDENING_MODE_DEBUG -swift-version 5 -I /Users/tim/Library/Developer/Xcode/DerivedData/GroceryApp-evbjlsgcparbtufznuqhiqsucvpi/Build/Products/Debug-iphonesimulator -F /Users/tim/Library/Developer/Xcode/DerivedData/GroceryApp-evbjlsgcparbtufznuqhiqsucvpi/Build/Products/Debug-iphonesimulator -emit-localized-strings -emit-localized-strings-path /Users/tim/Library/Developer/Xcode/DerivedData/GroceryApp-evbjlsgcparbtufznuqhiqsucvpi/Build/Intermediates.noindex/GroceryApp.build/Debug-iphonesimulator/GroceryApp.build/Objects-normal/arm64 -c -j10 -enable-batch-mode -incremental -Xcc -ivfsstatcache -Xcc /Users/tim/Library/Developer/Xcode/DerivedData/SDKStatCaches.noindex/iphonesimulator26.2-23C53-7d00a8b37fbd7999ea79df8ebc024bf0.sdkstatcache -output-file-map /Users/tim/Library/Developer/Xcode/DerivedData/GroceryApp-evbjlsgcparbtufznuqhiqsucvpi/Build/Intermediates.noindex/GroceryApp.build/Debug-iphonesimulator/GroceryApp.build/Objects-normal/arm64/GroceryApp-OutputFileMap.json -use-frontend-parseable-output -save-temps -no-color-diagnostics -explicit-module-build -module-cache-path /Users/tim/Library/Developer/Xcode/DerivedData/GroceryApp-evbjlsgcparbtufznuqhiqsucvpi/Build/Intermediates.noindex/SwiftExplicitPrecompiledModules -clang-scanner-module-cache-path /Users/tim/Library/Developer/Xcode/DerivedData/ModuleCache.noindex -sdk-module-cache-path /Users/tim/Library/Developer/Xcode/DerivedData/ModuleCache.noindex -serialize-diagnostics -emit-dependencies -emit-module -emit-module-path /Users/tim/Library/Developer/Xcode/DerivedData/GroceryApp-evbjlsgcparbtufznuqhiqsucvpi/Build/Intermediates.noindex/GroceryApp.build/Debug-iphonesimulator/GroceryApp.build/Objects-normal/arm64/GroceryApp.swiftmodule -validate-clang-modules-once -clang-build-session-file /Users/tim/Library/Developer/Xcode/DerivedData/ModuleCache.noindex/Session.modulevalidation -Xcc -I/Users/tim/Library/Developer/Xcode/DerivedData/GroceryApp-evbjlsgcparbtufznuqhiqsucvpi/Build/Intermediates.noindex/GroceryApp.build/Debug-iphonesimulator/GroceryApp.build/swift-overrides.hmap -emit-const-values -Xfrontend -const-gather-protocols-file -Xfrontend /Users/tim/Library/Developer/Xcode/DerivedData/GroceryApp-evbjlsgcparbtufznuqhiqsucvpi/Build/Intermediates.noindex/GroceryApp.build/Debug-iphonesimulator/GroceryApp.build/Objects-normal/arm64/GroceryApp_const_extract_protocols.json -Xcc -iquote -Xcc /Users/tim/Library/Developer/Xcode/DerivedData/GroceryApp-evbjlsgcparbtufznuqhiqsucvpi/Build/Intermediates.noindex/GroceryApp.build/Debug-iphonesimulator/GroceryApp.build/GroceryApp-generated-files.hmap -Xcc -I/Users/tim/Library/Developer/Xcode/DerivedData/GroceryApp-evbjlsgcparbtufznuqhiqsucvpi/Build/Intermediates.noindex/GroceryApp.build/Debug-iphonesimulator/GroceryApp.build/GroceryApp-own-target-headers.hmap -Xcc -I/Users/tim/Library/Developer/Xcode/DerivedData/GroceryApp-evbjlsgcparbtufznuqhiqsucvpi/Build/Intermediates.noindex/GroceryApp.build/Debug-iphonesimulator/GroceryApp.build/GroceryApp-all-target-headers.hmap -Xcc -iquote -Xcc /Users/tim/Library/Developer/Xcode/DerivedData/GroceryApp-evbjlsgcparbtufznuqhiqsucvpi/Build/Intermediates.noindex/GroceryApp.build/Debug-iphonesimulator/GroceryApp.build/GroceryApp-project-headers.hmap -Xcc -I/Users/tim/Library/Developer/Xcode/DerivedData/GroceryApp-evbjlsgcparbtufznuqhiqsucvpi/Build/Products/Debug-iphonesimulator/include -Xcc -I/Users/tim/Library/Developer/Xcode/DerivedData/GroceryApp-evbjlsgcparbtufznuqhiqsucvpi/Build/Intermediates.noindex/GroceryApp.build/Debug-iphonesimulator/GroceryApp.build/DerivedSources-normal/arm64 -Xcc -I/Users/tim/Library/Developer/Xcode/DerivedData/GroceryApp-evbjlsgcparbtufznuqhiqsucvpi/Build/Intermediates.noindex/GroceryApp.build/Debug-iphonesimulator/GroceryApp.build/DerivedSources/arm64 -Xcc -I/Users/tim/Library/Developer/Xcode/DerivedData/GroceryApp-evbjlsgcparbtufznuqhiqsucvpi/Build/Intermediates.noindex/GroceryApp.build/Debug-iphonesimulator/GroceryApp.build/DerivedSources -Xcc -DDEBUG\=1 -emit-objc-header -emit-objc-header-path /Users/tim/Library/Developer/Xcode/DerivedData/GroceryApp-evbjlsgcparbtufznuqhiqsucvpi/Build/Intermediates.noindex/GroceryApp.build/Debug-iphonesimulator/GroceryApp.build/Objects-normal/arm64/GroceryApp-Swift.h -working-directory /Users/tim/Documents/workspace/swift/apps/grocery-app/GroceryApp -experimental-emit-module-separately -disable-cmo

SwiftDriverJobDiscovery normal x86_64 Emitting module for GroceryApp (in target 'GroceryApp' from project 'GroceryApp')

SwiftDriver\ Compilation\ Requirements GroceryApp normal x86_64 com.apple.xcode.tools.swift.compiler (in target 'GroceryApp' from project 'GroceryApp')
    cd /Users/tim/Documents/workspace/swift/apps/grocery-app/GroceryApp
    builtin-Swift-Compilation-Requirements -- /Applications/Xcode.app/Contents/Developer/Toolchains/XcodeDefault.xctoolchain/usr/bin/swiftc -module-name GroceryApp -Onone -enforce-exclusivity\=checked @/Users/tim/Library/Developer/Xcode/DerivedData/GroceryApp-evbjlsgcparbtufznuqhiqsucvpi/Build/Intermediates.noindex/GroceryApp.build/Debug-iphonesimulator/GroceryApp.build/Objects-normal/x86_64/GroceryApp.SwiftFileList -DDEBUG -enable-bare-slash-regex -enable-experimental-feature DebugDescriptionMacro -sdk /Applications/Xcode.app/Contents/Developer/Platforms/iPhoneSimulator.platform/Developer/SDKs/iPhoneSimulator26.2.sdk -target x86_64-apple-ios18.5-simulator -g -module-cache-path /Users/tim/Library/Developer/Xcode/DerivedData/ModuleCache.noindex -Xfrontend -serialize-debugging-options -profile-coverage-mapping -profile-generate -enable-testing -index-store-path /Users/tim/Library/Developer/Xcode/DerivedData/GroceryApp-evbjlsgcparbtufznuqhiqsucvpi/Index.noindex/DataStore -Xcc -D_LIBCPP_HARDENING_MODE\=_LIBCPP_HARDENING_MODE_DEBUG -swift-version 5 -I /Users/tim/Library/Developer/Xcode/DerivedData/GroceryApp-evbjlsgcparbtufznuqhiqsucvpi/Build/Products/Debug-iphonesimulator -F /Users/tim/Library/Developer/Xcode/DerivedData/GroceryApp-evbjlsgcparbtufznuqhiqsucvpi/Build/Products/Debug-iphonesimulator -emit-localized-strings -emit-localized-strings-path /Users/tim/Library/Developer/Xcode/DerivedData/GroceryApp-evbjlsgcparbtufznuqhiqsucvpi/Build/Intermediates.noindex/GroceryApp.build/Debug-iphonesimulator/GroceryApp.build/Objects-normal/x86_64 -c -j10 -enable-batch-mode -incremental -Xcc -ivfsstatcache -Xcc /Users/tim/Library/Developer/Xcode/DerivedData/SDKStatCaches.noindex/iphonesimulator26.2-23C53-7d00a8b37fbd7999ea79df8ebc024bf0.sdkstatcache -output-file-map /Users/tim/Library/Developer/Xcode/DerivedData/GroceryApp-evbjlsgcparbtufznuqhiqsucvpi/Build/Intermediates.noindex/GroceryApp.build/Debug-iphonesimulator/GroceryApp.build/Objects-normal/x86_64/GroceryApp-OutputFileMap.json -use-frontend-parseable-output -save-temps -no-color-diagnostics -explicit-module-build -module-cache-path /Users/tim/Library/Developer/Xcode/DerivedData/GroceryApp-evbjlsgcparbtufznuqhiqsucvpi/Build/Intermediates.noindex/SwiftExplicitPrecompiledModules -clang-scanner-module-cache-path /Users/tim/Library/Developer/Xcode/DerivedData/ModuleCache.noindex -sdk-module-cache-path /Users/tim/Library/Developer/Xcode/DerivedData/ModuleCache.noindex -serialize-diagnostics -emit-dependencies -emit-module -emit-module-path /Users/tim/Library/Developer/Xcode/DerivedData/GroceryApp-evbjlsgcparbtufznuqhiqsucvpi/Build/Intermediates.noindex/GroceryApp.build/Debug-iphonesimulator/GroceryApp.build/Objects-normal/x86_64/GroceryApp.swiftmodule -validate-clang-modules-once -clang-build-session-file /Users/tim/Library/Developer/Xcode/DerivedData/ModuleCache.noindex/Session.modulevalidation -Xcc -I/Users/tim/Library/Developer/Xcode/DerivedData/GroceryApp-evbjlsgcparbtufznuqhiqsucvpi/Build/Intermediates.noindex/GroceryApp.build/Debug-iphonesimulator/GroceryApp.build/swift-overrides.hmap -emit-const-values -Xfrontend -const-gather-protocols-file -Xfrontend /Users/tim/Library/Developer/Xcode/DerivedData/GroceryApp-evbjlsgcparbtufznuqhiqsucvpi/Build/Intermediates.noindex/GroceryApp.build/Debug-iphonesimulator/GroceryApp.build/Objects-normal/x86_64/GroceryApp_const_extract_protocols.json -Xcc -iquote -Xcc /Users/tim/Library/Developer/Xcode/DerivedData/GroceryApp-evbjlsgcparbtufznuqhiqsucvpi/Build/Intermediates.noindex/GroceryApp.build/Debug-iphonesimulator/GroceryApp.build/GroceryApp-generated-files.hmap -Xcc -I/Users/tim/Library/Developer/Xcode/DerivedData/GroceryApp-evbjlsgcparbtufznuqhiqsucvpi/Build/Intermediates.noindex/GroceryApp.build/Debug-iphonesimulator/GroceryApp.build/GroceryApp-own-target-headers.hmap -Xcc -I/Users/tim/Library/Developer/Xcode/DerivedData/GroceryApp-evbjlsgcparbtufznuqhiqsucvpi/Build/Intermediates.noindex/GroceryApp.build/Debug-iphonesimulator/GroceryApp.build/GroceryApp-all-target-headers.hmap -Xcc -iquote -Xcc /Users/tim/Library/Developer/Xcode/DerivedData/GroceryApp-evbjlsgcparbtufznuqhiqsucvpi/Build/Intermediates.noindex/GroceryApp.build/Debug-iphonesimulator/GroceryApp.build/GroceryApp-project-headers.hmap -Xcc -I/Users/tim/Library/Developer/Xcode/DerivedData/GroceryApp-evbjlsgcparbtufznuqhiqsucvpi/Build/Products/Debug-iphonesimulator/include -Xcc -I/Users/tim/Library/Developer/Xcode/DerivedData/GroceryApp-evbjlsgcparbtufznuqhiqsucvpi/Build/Intermediates.noindex/GroceryApp.build/Debug-iphonesimulator/GroceryApp.build/DerivedSources-normal/x86_64 -Xcc -I/Users/tim/Library/Developer/Xcode/DerivedData/GroceryApp-evbjlsgcparbtufznuqhiqsucvpi/Build/Intermediates.noindex/GroceryApp.build/Debug-iphonesimulator/GroceryApp.build/DerivedSources/x86_64 -Xcc -I/Users/tim/Library/Developer/Xcode/DerivedData/GroceryApp-evbjlsgcparbtufznuqhiqsucvpi/Build/Intermediates.noindex/GroceryApp.build/Debug-iphonesimulator/GroceryApp.build/DerivedSources -Xcc -DDEBUG\=1 -emit-objc-header -emit-objc-header-path /Users/tim/Library/Developer/Xcode/DerivedData/GroceryApp-evbjlsgcparbtufznuqhiqsucvpi/Build/Intermediates.noindex/GroceryApp.build/Debug-iphonesimulator/GroceryApp.build/Objects-normal/x86_64/GroceryApp-Swift.h -working-directory /Users/tim/Documents/workspace/swift/apps/grocery-app/GroceryApp -experimental-emit-module-separately -disable-cmo

SwiftCompile normal x86_64 Compiling\ Store+CoreDataProperties.swift,\ CategoryService.swift,\ DataService.swift /Users/tim/Documents/workspace/swift/apps/grocery-app/GroceryApp/GroceryApp/Models/Store+CoreDataProperties.swift /Users/tim/Documents/workspace/swift/apps/grocery-app/GroceryApp/GroceryApp/Services/CategoryService.swift /Users/tim/Documents/workspace/swift/apps/grocery-app/GroceryApp/GroceryApp/Services/DataService.swift (in target 'GroceryApp' from project 'GroceryApp')

SwiftCompile normal x86_64 /Users/tim/Documents/workspace/swift/apps/grocery-app/GroceryApp/GroceryApp/Models/Store+CoreDataProperties.swift (in target 'GroceryApp' from project 'GroceryApp')
    cd /Users/tim/Documents/workspace/swift/apps/grocery-app/GroceryApp
    

SwiftCompile normal x86_64 /Users/tim/Documents/workspace/swift/apps/grocery-app/GroceryApp/GroceryApp/Services/CategoryService.swift (in target 'GroceryApp' from project 'GroceryApp')
    cd /Users/tim/Documents/workspace/swift/apps/grocery-app/GroceryApp
    

SwiftCompile normal x86_64 /Users/tim/Documents/workspace/swift/apps/grocery-app/GroceryApp/GroceryApp/Services/DataService.swift (in target 'GroceryApp' from project 'GroceryApp')
    cd /Users/tim/Documents/workspace/swift/apps/grocery-app/GroceryApp
    

SwiftMergeGeneratedHeaders /Users/tim/Library/Developer/Xcode/DerivedData/GroceryApp-evbjlsgcparbtufznuqhiqsucvpi/Build/Intermediates.noindex/GroceryApp.build/Debug-iphonesimulator/GroceryApp.build/DerivedSources/GroceryApp-Swift.h /Users/tim/Library/Developer/Xcode/DerivedData/GroceryApp-evbjlsgcparbtufznuqhiqsucvpi/Build/Intermediates.noindex/GroceryApp.build/Debug-iphonesimulator/GroceryApp.build/Objects-normal/arm64/GroceryApp-Swift.h /Users/tim/Library/Developer/Xcode/DerivedData/GroceryApp-evbjlsgcparbtufznuqhiqsucvpi/Build/Intermediates.noindex/GroceryApp.build/Debug-iphonesimulator/GroceryApp.build/Objects-normal/x86_64/GroceryApp-Swift.h (in target 'GroceryApp' from project 'GroceryApp')
    cd /Users/tim/Documents/workspace/swift/apps/grocery-app/GroceryApp
    builtin-swiftHeaderTool -arch arm64 /Users/tim/Library/Developer/Xcode/DerivedData/GroceryApp-evbjlsgcparbtufznuqhiqsucvpi/Build/Intermediates.noindex/GroceryApp.build/Debug-iphonesimulator/GroceryApp.build/Objects-normal/arm64/GroceryApp-Swift.h -arch x86_64 /Users/tim/Library/Developer/Xcode/DerivedData/GroceryApp-evbjlsgcparbtufznuqhiqsucvpi/Build/Intermediates.noindex/GroceryApp.build/Debug-iphonesimulator/GroceryApp.build/Objects-normal/x86_64/GroceryApp-Swift.h -o /Users/tim/Library/Developer/Xcode/DerivedData/GroceryApp-evbjlsgcparbtufznuqhiqsucvpi/Build/Intermediates.noindex/GroceryApp.build/Debug-iphonesimulator/GroceryApp.build/DerivedSources/GroceryApp-Swift.h

SwiftDriverJobDiscovery normal arm64 Compiling ImportData.swift, MasterListImportService.swift, ShoppingListService.swift (in target 'GroceryApp' from project 'GroceryApp')

Copy /Users/tim/Library/Developer/Xcode/DerivedData/GroceryApp-evbjlsgcparbtufznuqhiqsucvpi/Build/Products/Debug-iphonesimulator/GroceryApp.swiftmodule/x86_64-apple-ios-simulator.swiftmodule /Users/tim/Library/Developer/Xcode/DerivedData/GroceryApp-evbjlsgcparbtufznuqhiqsucvpi/Build/Intermediates.noindex/GroceryApp.build/Debug-iphonesimulator/GroceryApp.build/Objects-normal/x86_64/GroceryApp.swiftmodule (in target 'GroceryApp' from project 'GroceryApp')
    cd /Users/tim/Documents/workspace/swift/apps/grocery-app/GroceryApp
    builtin-copy -exclude .DS_Store -exclude CVS -exclude .svn -exclude .git -exclude .hg -resolve-src-symlinks -rename /Users/tim/Library/Developer/Xcode/DerivedData/GroceryApp-evbjlsgcparbtufznuqhiqsucvpi/Build/Intermediates.noindex/GroceryApp.build/Debug-iphonesimulator/GroceryApp.build/Objects-normal/x86_64/GroceryApp.swiftmodule /Users/tim/Library/Developer/Xcode/DerivedData/GroceryApp-evbjlsgcparbtufznuqhiqsucvpi/Build/Products/Debug-iphonesimulator/GroceryApp.swiftmodule/x86_64-apple-ios-simulator.swiftmodule

Copy /Users/tim/Library/Developer/Xcode/DerivedData/GroceryApp-evbjlsgcparbtufznuqhiqsucvpi/Build/Products/Debug-iphonesimulator/GroceryApp.swiftmodule/x86_64-apple-ios-simulator.swiftdoc /Users/tim/Library/Developer/Xcode/DerivedData/GroceryApp-evbjlsgcparbtufznuqhiqsucvpi/Build/Intermediates.noindex/GroceryApp.build/Debug-iphonesimulator/GroceryApp.build/Objects-normal/x86_64/GroceryApp.swiftdoc (in target 'GroceryApp' from project 'GroceryApp')
    cd /Users/tim/Documents/workspace/swift/apps/grocery-app/GroceryApp
    builtin-copy -exclude .DS_Store -exclude CVS -exclude .svn -exclude .git -exclude .hg -resolve-src-symlinks -rename /Users/tim/Library/Developer/Xcode/DerivedData/GroceryApp-evbjlsgcparbtufznuqhiqsucvpi/Build/Intermediates.noindex/GroceryApp.build/Debug-iphonesimulator/GroceryApp.build/Objects-normal/x86_64/GroceryApp.swiftdoc /Users/tim/Library/Developer/Xcode/DerivedData/GroceryApp-evbjlsgcparbtufznuqhiqsucvpi/Build/Products/Debug-iphonesimulator/GroceryApp.swiftmodule/x86_64-apple-ios-simulator.swiftdoc

Copy /Users/tim/Library/Developer/Xcode/DerivedData/GroceryApp-evbjlsgcparbtufznuqhiqsucvpi/Build/Products/Debug-iphonesimulator/GroceryApp.swiftmodule/x86_64-apple-ios-simulator.abi.json /Users/tim/Library/Developer/Xcode/DerivedData/GroceryApp-evbjlsgcparbtufznuqhiqsucvpi/Build/Intermediates.noindex/GroceryApp.build/Debug-iphonesimulator/GroceryApp.build/Objects-normal/x86_64/GroceryApp.abi.json (in target 'GroceryApp' from project 'GroceryApp')
    cd /Users/tim/Documents/workspace/swift/apps/grocery-app/GroceryApp
    builtin-copy -exclude .DS_Store -exclude CVS -exclude .svn -exclude .git -exclude .hg -resolve-src-symlinks -rename /Users/tim/Library/Developer/Xcode/DerivedData/GroceryApp-evbjlsgcparbtufznuqhiqsucvpi/Build/Intermediates.noindex/GroceryApp.build/Debug-iphonesimulator/GroceryApp.build/Objects-normal/x86_64/GroceryApp.abi.json /Users/tim/Library/Developer/Xcode/DerivedData/GroceryApp-evbjlsgcparbtufznuqhiqsucvpi/Build/Products/Debug-iphonesimulator/GroceryApp.swiftmodule/x86_64-apple-ios-simulator.abi.json

Copy /Users/tim/Library/Developer/Xcode/DerivedData/GroceryApp-evbjlsgcparbtufznuqhiqsucvpi/Build/Products/Debug-iphonesimulator/GroceryApp.swiftmodule/arm64-apple-ios-simulator.swiftmodule /Users/tim/Library/Developer/Xcode/DerivedData/GroceryApp-evbjlsgcparbtufznuqhiqsucvpi/Build/Intermediates.noindex/GroceryApp.build/Debug-iphonesimulator/GroceryApp.build/Objects-normal/arm64/GroceryApp.swiftmodule (in target 'GroceryApp' from project 'GroceryApp')
    cd /Users/tim/Documents/workspace/swift/apps/grocery-app/GroceryApp
    builtin-copy -exclude .DS_Store -exclude CVS -exclude .svn -exclude .git -exclude .hg -resolve-src-symlinks -rename /Users/tim/Library/Developer/Xcode/DerivedData/GroceryApp-evbjlsgcparbtufznuqhiqsucvpi/Build/Intermediates.noindex/GroceryApp.build/Debug-iphonesimulator/GroceryApp.build/Objects-normal/arm64/GroceryApp.swiftmodule /Users/tim/Library/Developer/Xcode/DerivedData/GroceryApp-evbjlsgcparbtufznuqhiqsucvpi/Build/Products/Debug-iphonesimulator/GroceryApp.swiftmodule/arm64-apple-ios-simulator.swiftmodule

Copy /Users/tim/Library/Developer/Xcode/DerivedData/GroceryApp-evbjlsgcparbtufznuqhiqsucvpi/Build/Products/Debug-iphonesimulator/GroceryApp.swiftmodule/arm64-apple-ios-simulator.swiftdoc /Users/tim/Library/Developer/Xcode/DerivedData/GroceryApp-evbjlsgcparbtufznuqhiqsucvpi/Build/Intermediates.noindex/GroceryApp.build/Debug-iphonesimulator/GroceryApp.build/Objects-normal/arm64/GroceryApp.swiftdoc (in target 'GroceryApp' from project 'GroceryApp')
    cd /Users/tim/Documents/workspace/swift/apps/grocery-app/GroceryApp
    builtin-copy -exclude .DS_Store -exclude CVS -exclude .svn -exclude .git -exclude .hg -resolve-src-symlinks -rename /Users/tim/Library/Developer/Xcode/DerivedData/GroceryApp-evbjlsgcparbtufznuqhiqsucvpi/Build/Intermediates.noindex/GroceryApp.build/Debug-iphonesimulator/GroceryApp.build/Objects-normal/arm64/GroceryApp.swiftdoc /Users/tim/Library/Developer/Xcode/DerivedData/GroceryApp-evbjlsgcparbtufznuqhiqsucvpi/Build/Products/Debug-iphonesimulator/GroceryApp.swiftmodule/arm64-apple-ios-simulator.swiftdoc

Copy /Users/tim/Library/Developer/Xcode/DerivedData/GroceryApp-evbjlsgcparbtufznuqhiqsucvpi/Build/Products/Debug-iphonesimulator/GroceryApp.swiftmodule/arm64-apple-ios-simulator.abi.json /Users/tim/Library/Developer/Xcode/DerivedData/GroceryApp-evbjlsgcparbtufznuqhiqsucvpi/Build/Intermediates.noindex/GroceryApp.build/Debug-iphonesimulator/GroceryApp.build/Objects-normal/arm64/GroceryApp.abi.json (in target 'GroceryApp' from project 'GroceryApp')
    cd /Users/tim/Documents/workspace/swift/apps/grocery-app/GroceryApp
    builtin-copy -exclude .DS_Store -exclude CVS -exclude .svn -exclude .git -exclude .hg -resolve-src-symlinks -rename /Users/tim/Library/Developer/Xcode/DerivedData/GroceryApp-evbjlsgcparbtufznuqhiqsucvpi/Build/Intermediates.noindex/GroceryApp.build/Debug-iphonesimulator/GroceryApp.build/Objects-normal/arm64/GroceryApp.abi.json /Users/tim/Library/Developer/Xcode/DerivedData/GroceryApp-evbjlsgcparbtufznuqhiqsucvpi/Build/Products/Debug-iphonesimulator/GroceryApp.swiftmodule/arm64-apple-ios-simulator.abi.json

Copy /Users/tim/Library/Developer/Xcode/DerivedData/GroceryApp-evbjlsgcparbtufznuqhiqsucvpi/Build/Products/Debug-iphonesimulator/GroceryApp.swiftmodule/Project/x86_64-apple-ios-simulator.swiftsourceinfo /Users/tim/Library/Developer/Xcode/DerivedData/GroceryApp-evbjlsgcparbtufznuqhiqsucvpi/Build/Intermediates.noindex/GroceryApp.build/Debug-iphonesimulator/GroceryApp.build/Objects-normal/x86_64/GroceryApp.swiftsourceinfo (in target 'GroceryApp' from project 'GroceryApp')
    cd /Users/tim/Documents/workspace/swift/apps/grocery-app/GroceryApp
    builtin-copy -exclude .DS_Store -exclude CVS -exclude .svn -exclude .git -exclude .hg -resolve-src-symlinks -rename /Users/tim/Library/Developer/Xcode/DerivedData/GroceryApp-evbjlsgcparbtufznuqhiqsucvpi/Build/Intermediates.noindex/GroceryApp.build/Debug-iphonesimulator/GroceryApp.build/Objects-normal/x86_64/GroceryApp.swiftsourceinfo /Users/tim/Library/Developer/Xcode/DerivedData/GroceryApp-evbjlsgcparbtufznuqhiqsucvpi/Build/Products/Debug-iphonesimulator/GroceryApp.swiftmodule/Project/x86_64-apple-ios-simulator.swiftsourceinfo

Copy /Users/tim/Library/Developer/Xcode/DerivedData/GroceryApp-evbjlsgcparbtufznuqhiqsucvpi/Build/Products/Debug-iphonesimulator/GroceryApp.swiftmodule/Project/arm64-apple-ios-simulator.swiftsourceinfo /Users/tim/Library/Developer/Xcode/DerivedData/GroceryApp-evbjlsgcparbtufznuqhiqsucvpi/Build/Intermediates.noindex/GroceryApp.build/Debug-iphonesimulator/GroceryApp.build/Objects-normal/arm64/GroceryApp.swiftsourceinfo (in target 'GroceryApp' from project 'GroceryApp')
    cd /Users/tim/Documents/workspace/swift/apps/grocery-app/GroceryApp
    builtin-copy -exclude .DS_Store -exclude CVS -exclude .svn -exclude .git -exclude .hg -resolve-src-symlinks -rename /Users/tim/Library/Developer/Xcode/DerivedData/GroceryApp-evbjlsgcparbtufznuqhiqsucvpi/Build/Intermediates.noindex/GroceryApp.build/Debug-iphonesimulator/GroceryApp.build/Objects-normal/arm64/GroceryApp.swiftsourceinfo /Users/tim/Library/Developer/Xcode/DerivedData/GroceryApp-evbjlsgcparbtufznuqhiqsucvpi/Build/Products/Debug-iphonesimulator/GroceryApp.swiftmodule/Project/arm64-apple-ios-simulator.swiftsourceinfo

SwiftCompile normal x86_64 Compiling\ GroceryItem+CoreDataProperties.swift,\ ShoppingListItem+CoreDataClass.swift,\ ShoppingListItem+CoreDataProperties.swift,\ Store+CoreDataClass.swift /Users/tim/Documents/workspace/swift/apps/grocery-app/GroceryApp/GroceryApp/Models/GroceryItem+CoreDataProperties.swift /Users/tim/Documents/workspace/swift/apps/grocery-app/GroceryApp/GroceryApp/Models/ShoppingListItem+CoreDataClass.swift /Users/tim/Documents/workspace/swift/apps/grocery-app/GroceryApp/GroceryApp/Models/ShoppingListItem+CoreDataProperties.swift /Users/tim/Documents/workspace/swift/apps/grocery-app/GroceryApp/GroceryApp/Models/Store+CoreDataClass.swift (in target 'GroceryApp' from project 'GroceryApp')

SwiftCompile normal x86_64 /Users/tim/Documents/workspace/swift/apps/grocery-app/GroceryApp/GroceryApp/Models/GroceryItem+CoreDataProperties.swift (in target 'GroceryApp' from project 'GroceryApp')
    cd /Users/tim/Documents/workspace/swift/apps/grocery-app/GroceryApp
    

SwiftCompile normal x86_64 /Users/tim/Documents/workspace/swift/apps/grocery-app/GroceryApp/GroceryApp/Models/ShoppingListItem+CoreDataClass.swift (in target 'GroceryApp' from project 'GroceryApp')
    cd /Users/tim/Documents/workspace/swift/apps/grocery-app/GroceryApp
    

SwiftCompile normal x86_64 /Users/tim/Documents/workspace/swift/apps/grocery-app/GroceryApp/GroceryApp/Models/ShoppingListItem+CoreDataProperties.swift (in target 'GroceryApp' from project 'GroceryApp')
    cd /Users/tim/Documents/workspace/swift/apps/grocery-app/GroceryApp
    

SwiftCompile normal x86_64 /Users/tim/Documents/workspace/swift/apps/grocery-app/GroceryApp/GroceryApp/Models/Store+CoreDataClass.swift (in target 'GroceryApp' from project 'GroceryApp')
    cd /Users/tim/Documents/workspace/swift/apps/grocery-app/GroceryApp
    

SwiftDriverJobDiscovery normal x86_64 Compiling Store+CoreDataProperties.swift, CategoryService.swift, DataService.swift (in target 'GroceryApp' from project 'GroceryApp')

SwiftCompile normal arm64 Compiling\ AddItemView.swift,\ AddStoreView.swift,\ HelpView.swift /Users/tim/Documents/workspace/swift/apps/grocery-app/GroceryApp/GroceryApp/Views/AddItemView.swift /Users/tim/Documents/workspace/swift/apps/grocery-app/GroceryApp/GroceryApp/Views/AddStoreView.swift /Users/tim/Documents/workspace/swift/apps/grocery-app/GroceryApp/GroceryApp/Views/HelpView.swift (in target 'GroceryApp' from project 'GroceryApp')

SwiftCompile normal arm64 /Users/tim/Documents/workspace/swift/apps/grocery-app/GroceryApp/GroceryApp/Views/AddItemView.swift (in target 'GroceryApp' from project 'GroceryApp')
    cd /Users/tim/Documents/workspace/swift/apps/grocery-app/GroceryApp
    

SwiftCompile normal arm64 /Users/tim/Documents/workspace/swift/apps/grocery-app/GroceryApp/GroceryApp/Views/AddStoreView.swift (in target 'GroceryApp' from project 'GroceryApp')
    cd /Users/tim/Documents/workspace/swift/apps/grocery-app/GroceryApp
    

SwiftCompile normal arm64 /Users/tim/Documents/workspace/swift/apps/grocery-app/GroceryApp/GroceryApp/Views/HelpView.swift (in target 'GroceryApp' from project 'GroceryApp')
    cd /Users/tim/Documents/workspace/swift/apps/grocery-app/GroceryApp
    

SwiftCompile normal x86_64 Compiling\ SettingsView.swift,\ ShoppingListView.swift,\ StoreListView.swift /Users/tim/Documents/workspace/swift/apps/grocery-app/GroceryApp/GroceryApp/Views/SettingsView.swift /Users/tim/Documents/workspace/swift/apps/grocery-app/GroceryApp/GroceryApp/Views/ShoppingListView.swift /Users/tim/Documents/workspace/swift/apps/grocery-app/GroceryApp/GroceryApp/Views/StoreListView.swift (in target 'GroceryApp' from project 'GroceryApp')
SwiftCompile normal x86_64 /Users/tim/Documents/workspace/swift/apps/grocery-app/GroceryApp/GroceryApp/Views/SettingsView.swift (in target 'GroceryApp' from project 'GroceryApp')
    cd /Users/tim/Documents/workspace/swift/apps/grocery-app/GroceryApp
    

SwiftCompile normal x86_64 /Users/tim/Documents/workspace/swift/apps/grocery-app/GroceryApp/GroceryApp/Views/ShoppingListView.swift (in target 'GroceryApp' from project 'GroceryApp')
    cd /Users/tim/Documents/workspace/swift/apps/grocery-app/GroceryApp
    

SwiftCompile normal x86_64 /Users/tim/Documents/workspace/swift/apps/grocery-app/GroceryApp/GroceryApp/Views/StoreListView.swift (in target 'GroceryApp' from project 'GroceryApp')
    cd /Users/tim/Documents/workspace/swift/apps/grocery-app/GroceryApp
    

SwiftDriverJobDiscovery normal x86_64 Compiling ImportData.swift, MasterListImportService.swift, ShoppingListService.swift (in target 'GroceryApp' from project 'GroceryApp')

SwiftCompile normal x86_64 Compiling\ GroceryAppApp.swift,\ Persistence.swift,\ GeneratedAssetSymbols.swift /Users/tim/Documents/workspace/swift/apps/grocery-app/GroceryApp/GroceryApp/GroceryAppApp.swift /Users/tim/Documents/workspace/swift/apps/grocery-app/GroceryApp/GroceryApp/Persistence.swift /Users/tim/Library/Developer/Xcode/DerivedData/GroceryApp-evbjlsgcparbtufznuqhiqsucvpi/Build/Intermediates.noindex/GroceryApp.build/Debug-iphonesimulator/GroceryApp.build/DerivedSources/GeneratedAssetSymbols.swift (in target 'GroceryApp' from project 'GroceryApp')

SwiftCompile normal x86_64 /Users/tim/Documents/workspace/swift/apps/grocery-app/GroceryApp/GroceryApp/GroceryAppApp.swift (in target 'GroceryApp' from project 'GroceryApp')
    cd /Users/tim/Documents/workspace/swift/apps/grocery-app/GroceryApp
    

SwiftCompile normal x86_64 /Users/tim/Documents/workspace/swift/apps/grocery-app/GroceryApp/GroceryApp/Persistence.swift (in target 'GroceryApp' from project 'GroceryApp')
    cd /Users/tim/Documents/workspace/swift/apps/grocery-app/GroceryApp
    

SwiftCompile normal x86_64 /Users/tim/Library/Developer/Xcode/DerivedData/GroceryApp-evbjlsgcparbtufznuqhiqsucvpi/Build/Intermediates.noindex/GroceryApp.build/Debug-iphonesimulator/GroceryApp.build/DerivedSources/GeneratedAssetSymbols.swift (in target 'GroceryApp' from project 'GroceryApp')
    cd /Users/tim/Documents/workspace/swift/apps/grocery-app/GroceryApp
    

SwiftDriverJobDiscovery normal x86_64 Compiling GroceryItem+CoreDataProperties.swift, ShoppingListItem+CoreDataClass.swift, ShoppingListItem+CoreDataProperties.swift, Store+CoreDataClass.swift (in target 'GroceryApp' from project 'GroceryApp')

SwiftCompile normal arm64 Compiling\ GroceryItem+CoreDataProperties.swift,\ ShoppingListItem+CoreDataClass.swift,\ ShoppingListItem+CoreDataProperties.swift,\ Store+CoreDataClass.swift /Users/tim/Documents/workspace/swift/apps/grocery-app/GroceryApp/GroceryApp/Models/GroceryItem+CoreDataProperties.swift /Users/tim/Documents/workspace/swift/apps/grocery-app/GroceryApp/GroceryApp/Models/ShoppingListItem+CoreDataClass.swift /Users/tim/Documents/workspace/swift/apps/grocery-app/GroceryApp/GroceryApp/Models/ShoppingListItem+CoreDataProperties.swift /Users/tim/Documents/workspace/swift/apps/grocery-app/GroceryApp/GroceryApp/Models/Store+CoreDataClass.swift (in target 'GroceryApp' from project 'GroceryApp')

SwiftCompile normal arm64 /Users/tim/Documents/workspace/swift/apps/grocery-app/GroceryApp/GroceryApp/Models/GroceryItem+CoreDataProperties.swift (in target 'GroceryApp' from project 'GroceryApp')
    cd /Users/tim/Documents/workspace/swift/apps/grocery-app/GroceryApp
    

SwiftCompile normal arm64 /Users/tim/Documents/workspace/swift/apps/grocery-app/GroceryApp/GroceryApp/Models/ShoppingListItem+CoreDataClass.swift (in target 'GroceryApp' from project 'GroceryApp')
    cd /Users/tim/Documents/workspace/swift/apps/grocery-app/GroceryApp
    

SwiftCompile normal arm64 /Users/tim/Documents/workspace/swift/apps/grocery-app/GroceryApp/GroceryApp/Models/ShoppingListItem+CoreDataProperties.swift (in target 'GroceryApp' from project 'GroceryApp')
    cd /Users/tim/Documents/workspace/swift/apps/grocery-app/GroceryApp
    

SwiftCompile normal arm64 /Users/tim/Documents/workspace/swift/apps/grocery-app/GroceryApp/GroceryApp/Models/Store+CoreDataClass.swift (in target 'GroceryApp' from project 'GroceryApp')
    cd /Users/tim/Documents/workspace/swift/apps/grocery-app/GroceryApp
    

SwiftDriverJobDiscovery normal x86_64 Compiling StoreService.swift, AboutView.swift, AddCategoryView.swift (in target 'GroceryApp' from project 'GroceryApp')

SwiftCompile normal x86_64 Compiling\ LandingView.swift,\ MainTabView.swift,\ MasterListView.swift /Users/tim/Documents/workspace/swift/apps/grocery-app/GroceryApp/GroceryApp/Views/LandingView.swift /Users/tim/Documents/workspace/swift/apps/grocery-app/GroceryApp/GroceryApp/Views/MainTabView.swift /Users/tim/Documents/workspace/swift/apps/grocery-app/GroceryApp/GroceryApp/Views/MasterListView.swift (in target 'GroceryApp' from project 'GroceryApp')

SwiftCompile normal x86_64 /Users/tim/Documents/workspace/swift/apps/grocery-app/GroceryApp/GroceryApp/Views/LandingView.swift (in target 'GroceryApp' from project 'GroceryApp')
    cd /Users/tim/Documents/workspace/swift/apps/grocery-app/GroceryApp
    

SwiftCompile normal x86_64 /Users/tim/Documents/workspace/swift/apps/grocery-app/GroceryApp/GroceryApp/Views/MainTabView.swift (in target 'GroceryApp' from project 'GroceryApp')
    cd /Users/tim/Documents/workspace/swift/apps/grocery-app/GroceryApp
    

SwiftCompile normal x86_64 /Users/tim/Documents/workspace/swift/apps/grocery-app/GroceryApp/GroceryApp/Views/MasterListView.swift (in target 'GroceryApp' from project 'GroceryApp')
    cd /Users/tim/Documents/workspace/swift/apps/grocery-app/GroceryApp
    

SwiftDriverJobDiscovery normal x86_64 Compiling GroceryAppApp.swift, Persistence.swift, GeneratedAssetSymbols.swift (in target 'GroceryApp' from project 'GroceryApp')

SwiftDriverJobDiscovery normal arm64 Compiling GroceryItem+CoreDataProperties.swift, ShoppingListItem+CoreDataClass.swift, ShoppingListItem+CoreDataProperties.swift, Store+CoreDataClass.swift (in target 'GroceryApp' from project 'GroceryApp')

SwiftDriverJobDiscovery normal arm64 Compiling StoreService.swift, AboutView.swift, AddCategoryView.swift (in target 'GroceryApp' from project 'GroceryApp')

SwiftDriverJobDiscovery normal arm64 Compiling LandingView.swift, MainTabView.swift, MasterListView.swift (in target 'GroceryApp' from project 'GroceryApp')

SwiftDriverJobDiscovery normal x86_64 Compiling AddItemView.swift, AddStoreView.swift, HelpView.swift (in target 'GroceryApp' from project 'GroceryApp')

SwiftDriverJobDiscovery normal arm64 Compiling AddItemView.swift, AddStoreView.swift, HelpView.swift (in target 'GroceryApp' from project 'GroceryApp')

SwiftDriverJobDiscovery normal x86_64 Compiling LandingView.swift, MainTabView.swift, MasterListView.swift (in target 'GroceryApp' from project 'GroceryApp')

SwiftDriverJobDiscovery normal arm64 Compiling SettingsView.swift, ShoppingListView.swift, StoreListView.swift (in target 'GroceryApp' from project 'GroceryApp')

SwiftDriverJobDiscovery normal arm64 Compiling StoreSelectionView.swift, StoreShoppingListView.swift, ContentView.swift (in target 'GroceryApp' from project 'GroceryApp')

SwiftDriver\ Compilation GroceryApp normal arm64 com.apple.xcode.tools.swift.compiler (in target 'GroceryApp' from project 'GroceryApp')
    cd /Users/tim/Documents/workspace/swift/apps/grocery-app/GroceryApp
    builtin-Swift-Compilation -- /Applications/Xcode.app/Contents/Developer/Toolchains/XcodeDefault.xctoolchain/usr/bin/swiftc -module-name GroceryApp -Onone -enforce-exclusivity\=checked @/Users/tim/Library/Developer/Xcode/DerivedData/GroceryApp-evbjlsgcparbtufznuqhiqsucvpi/Build/Intermediates.noindex/GroceryApp.build/Debug-iphonesimulator/GroceryApp.build/Objects-normal/arm64/GroceryApp.SwiftFileList -DDEBUG -enable-bare-slash-regex -enable-experimental-feature DebugDescriptionMacro -sdk /Applications/Xcode.app/Contents/Developer/Platforms/iPhoneSimulator.platform/Developer/SDKs/iPhoneSimulator26.2.sdk -target arm64-apple-ios18.5-simulator -g -module-cache-path /Users/tim/Library/Developer/Xcode/DerivedData/ModuleCache.noindex -Xfrontend -serialize-debugging-options -profile-coverage-mapping -profile-generate -enable-testing -index-store-path /Users/tim/Library/Developer/Xcode/DerivedData/GroceryApp-evbjlsgcparbtufznuqhiqsucvpi/Index.noindex/DataStore -Xcc -D_LIBCPP_HARDENING_MODE\=_LIBCPP_HARDENING_MODE_DEBUG -swift-version 5 -I /Users/tim/Library/Developer/Xcode/DerivedData/GroceryApp-evbjlsgcparbtufznuqhiqsucvpi/Build/Products/Debug-iphonesimulator -F /Users/tim/Library/Developer/Xcode/DerivedData/GroceryApp-evbjlsgcparbtufznuqhiqsucvpi/Build/Products/Debug-iphonesimulator -emit-localized-strings -emit-localized-strings-path /Users/tim/Library/Developer/Xcode/DerivedData/GroceryApp-evbjlsgcparbtufznuqhiqsucvpi/Build/Intermediates.noindex/GroceryApp.build/Debug-iphonesimulator/GroceryApp.build/Objects-normal/arm64 -c -j10 -enable-batch-mode -incremental -Xcc -ivfsstatcache -Xcc /Users/tim/Library/Developer/Xcode/DerivedData/SDKStatCaches.noindex/iphonesimulator26.2-23C53-7d00a8b37fbd7999ea79df8ebc024bf0.sdkstatcache -output-file-map /Users/tim/Library/Developer/Xcode/DerivedData/GroceryApp-evbjlsgcparbtufznuqhiqsucvpi/Build/Intermediates.noindex/GroceryApp.build/Debug-iphonesimulator/GroceryApp.build/Objects-normal/arm64/GroceryApp-OutputFileMap.json -use-frontend-parseable-output -save-temps -no-color-diagnostics -explicit-module-build -module-cache-path /Users/tim/Library/Developer/Xcode/DerivedData/GroceryApp-evbjlsgcparbtufznuqhiqsucvpi/Build/Intermediates.noindex/SwiftExplicitPrecompiledModules -clang-scanner-module-cache-path /Users/tim/Library/Developer/Xcode/DerivedData/ModuleCache.noindex -sdk-module-cache-path /Users/tim/Library/Developer/Xcode/DerivedData/ModuleCache.noindex -serialize-diagnostics -emit-dependencies -emit-module -emit-module-path /Users/tim/Library/Developer/Xcode/DerivedData/GroceryApp-evbjlsgcparbtufznuqhiqsucvpi/Build/Intermediates.noindex/GroceryApp.build/Debug-iphonesimulator/GroceryApp.build/Objects-normal/arm64/GroceryApp.swiftmodule -validate-clang-modules-once -clang-build-session-file /Users/tim/Library/Developer/Xcode/DerivedData/ModuleCache.noindex/Session.modulevalidation -Xcc -I/Users/tim/Library/Developer/Xcode/DerivedData/GroceryApp-evbjlsgcparbtufznuqhiqsucvpi/Build/Intermediates.noindex/GroceryApp.build/Debug-iphonesimulator/GroceryApp.build/swift-overrides.hmap -emit-const-values -Xfrontend -const-gather-protocols-file -Xfrontend /Users/tim/Library/Developer/Xcode/DerivedData/GroceryApp-evbjlsgcparbtufznuqhiqsucvpi/Build/Intermediates.noindex/GroceryApp.build/Debug-iphonesimulator/GroceryApp.build/Objects-normal/arm64/GroceryApp_const_extract_protocols.json -Xcc -iquote -Xcc /Users/tim/Library/Developer/Xcode/DerivedData/GroceryApp-evbjlsgcparbtufznuqhiqsucvpi/Build/Intermediates.noindex/GroceryApp.build/Debug-iphonesimulator/GroceryApp.build/GroceryApp-generated-files.hmap -Xcc -I/Users/tim/Library/Developer/Xcode/DerivedData/GroceryApp-evbjlsgcparbtufznuqhiqsucvpi/Build/Intermediates.noindex/GroceryApp.build/Debug-iphonesimulator/GroceryApp.build/GroceryApp-own-target-headers.hmap -Xcc -I/Users/tim/Library/Developer/Xcode/DerivedData/GroceryApp-evbjlsgcparbtufznuqhiqsucvpi/Build/Intermediates.noindex/GroceryApp.build/Debug-iphonesimulator/GroceryApp.build/GroceryApp-all-target-headers.hmap -Xcc -iquote -Xcc /Users/tim/Library/Developer/Xcode/DerivedData/GroceryApp-evbjlsgcparbtufznuqhiqsucvpi/Build/Intermediates.noindex/GroceryApp.build/Debug-iphonesimulator/GroceryApp.build/GroceryApp-project-headers.hmap -Xcc -I/Users/tim/Library/Developer/Xcode/DerivedData/GroceryApp-evbjlsgcparbtufznuqhiqsucvpi/Build/Products/Debug-iphonesimulator/include -Xcc -I/Users/tim/Library/Developer/Xcode/DerivedData/GroceryApp-evbjlsgcparbtufznuqhiqsucvpi/Build/Intermediates.noindex/GroceryApp.build/Debug-iphonesimulator/GroceryApp.build/DerivedSources-normal/arm64 -Xcc -I/Users/tim/Library/Developer/Xcode/DerivedData/GroceryApp-evbjlsgcparbtufznuqhiqsucvpi/Build/Intermediates.noindex/GroceryApp.build/Debug-iphonesimulator/GroceryApp.build/DerivedSources/arm64 -Xcc -I/Users/tim/Library/Developer/Xcode/DerivedData/GroceryApp-evbjlsgcparbtufznuqhiqsucvpi/Build/Intermediates.noindex/GroceryApp.build/Debug-iphonesimulator/GroceryApp.build/DerivedSources -Xcc -DDEBUG\=1 -emit-objc-header -emit-objc-header-path /Users/tim/Library/Developer/Xcode/DerivedData/GroceryApp-evbjlsgcparbtufznuqhiqsucvpi/Build/Intermediates.noindex/GroceryApp.build/Debug-iphonesimulator/GroceryApp.build/Objects-normal/arm64/GroceryApp-Swift.h -working-directory /Users/tim/Documents/workspace/swift/apps/grocery-app/GroceryApp -experimental-emit-module-separately -disable-cmo

Ld /Users/tim/Library/Developer/Xcode/DerivedData/GroceryApp-evbjlsgcparbtufznuqhiqsucvpi/Build/Intermediates.noindex/GroceryApp.build/Debug-iphonesimulator/GroceryApp.build/Objects-normal/arm64/Binary/GroceryApp.debug.dylib normal arm64 (in target 'GroceryApp' from project 'GroceryApp')
    cd /Users/tim/Documents/workspace/swift/apps/grocery-app/GroceryApp
    /Applications/Xcode.app/Contents/Developer/Toolchains/XcodeDefault.xctoolchain/usr/bin/clang -Xlinker -reproducible -target arm64-apple-ios18.5-simulator -dynamiclib -isysroot /Applications/Xcode.app/Contents/Developer/Platforms/iPhoneSimulator.platform/Developer/SDKs/iPhoneSimulator26.2.sdk -O0 -L/Users/tim/Library/Developer/Xcode/DerivedData/GroceryApp-evbjlsgcparbtufznuqhiqsucvpi/Build/Intermediates.noindex/EagerLinkingTBDs/Debug-iphonesimulator -L/Users/tim/Library/Developer/Xcode/DerivedData/GroceryApp-evbjlsgcparbtufznuqhiqsucvpi/Build/Products/Debug-iphonesimulator -F/Users/tim/Library/Developer/Xcode/DerivedData/GroceryApp-evbjlsgcparbtufznuqhiqsucvpi/Build/Intermediates.noindex/EagerLinkingTBDs/Debug-iphonesimulator -F/Users/tim/Library/Developer/Xcode/DerivedData/GroceryApp-evbjlsgcparbtufznuqhiqsucvpi/Build/Products/Debug-iphonesimulator -filelist /Users/tim/Library/Developer/Xcode/DerivedData/GroceryApp-evbjlsgcparbtufznuqhiqsucvpi/Build/Intermediates.noindex/GroceryApp.build/Debug-iphonesimulator/GroceryApp.build/Objects-normal/arm64/GroceryApp.LinkFileList -install_name @rpath/GroceryApp.debug.dylib -Xlinker -rpath -Xlinker /usr/lib/swift -Xlinker -rpath -Xlinker @executable_path/Frameworks -dead_strip -Xlinker -object_path_lto -Xlinker /Users/tim/Library/Developer/Xcode/DerivedData/GroceryApp-evbjlsgcparbtufznuqhiqsucvpi/Build/Intermediates.noindex/GroceryApp.build/Debug-iphonesimulator/GroceryApp.build/Objects-normal/arm64/GroceryApp_lto.o -rdynamic -Xlinker -no_deduplicate -Xlinker -objc_abi_version -Xlinker 2 -Xlinker -debug_variant -Xlinker -dependency_info -Xlinker /Users/tim/Library/Developer/Xcode/DerivedData/GroceryApp-evbjlsgcparbtufznuqhiqsucvpi/Build/Intermediates.noindex/GroceryApp.build/Debug-iphonesimulator/GroceryApp.build/Objects-normal/arm64/GroceryApp_dependency_info.dat -fobjc-link-runtime -fprofile-instr-generate -L/Applications/Xcode.app/Contents/Developer/Toolchains/XcodeDefault.xctoolchain/usr/lib/swift/iphonesimulator -L/usr/lib/swift -Xlinker -add_ast_path -Xlinker /Users/tim/Library/Developer/Xcode/DerivedData/GroceryApp-evbjlsgcparbtufznuqhiqsucvpi/Build/Intermediates.noindex/GroceryApp.build/Debug-iphonesimulator/GroceryApp.build/Objects-normal/arm64/GroceryApp.swiftmodule @/Users/tim/Library/Developer/Xcode/DerivedData/GroceryApp-evbjlsgcparbtufznuqhiqsucvpi/Build/Intermediates.noindex/GroceryApp.build/Debug-iphonesimulator/GroceryApp.build/Objects-normal/arm64/GroceryApp-linker-args.resp -Xlinker -alias -Xlinker _main -Xlinker ___debug_main_executable_dylib_entry_point -Xlinker -no_adhoc_codesign -o /Users/tim/Library/Developer/Xcode/DerivedData/GroceryApp-evbjlsgcparbtufznuqhiqsucvpi/Build/Intermediates.noindex/GroceryApp.build/Debug-iphonesimulator/GroceryApp.build/Objects-normal/arm64/Binary/GroceryApp.debug.dylib

SwiftDriverJobDiscovery normal x86_64 Compiling StoreSelectionView.swift, StoreShoppingListView.swift, ContentView.swift (in target 'GroceryApp' from project 'GroceryApp')

ConstructStubExecutorLinkFileList /Users/tim/Library/Developer/Xcode/DerivedData/GroceryApp-evbjlsgcparbtufznuqhiqsucvpi/Build/Intermediates.noindex/GroceryApp.build/Debug-iphonesimulator/GroceryApp.build/GroceryApp-ExecutorLinkFileList-normal-arm64.txt (in target 'GroceryApp' from project 'GroceryApp')
    cd /Users/tim/Documents/workspace/swift/apps/grocery-app/GroceryApp
    construct-stub-executor-link-file-list /Users/tim/Library/Developer/Xcode/DerivedData/GroceryApp-evbjlsgcparbtufznuqhiqsucvpi/Build/Intermediates.noindex/GroceryApp.build/Debug-iphonesimulator/GroceryApp.build/Objects-normal/arm64/Binary/GroceryApp.debug.dylib /Applications/Xcode.app/Contents/Developer/Platforms/iPhoneSimulator.platform/Developer/usr/lib/libPreviewsJITStubExecutor_no_swift_entry_point.a /Applications/Xcode.app/Contents/Developer/Platforms/iPhoneSimulator.platform/Developer/usr/lib/libPreviewsJITStubExecutor.a --output /Users/tim/Library/Developer/Xcode/DerivedData/GroceryApp-evbjlsgcparbtufznuqhiqsucvpi/Build/Intermediates.noindex/GroceryApp.build/Debug-iphonesimulator/GroceryApp.build/GroceryApp-ExecutorLinkFileList-normal-arm64.txt
note: Using stub executor library with Swift entry point. (in target 'GroceryApp' from project 'GroceryApp')

Ld /Users/tim/Library/Developer/Xcode/DerivedData/GroceryApp-evbjlsgcparbtufznuqhiqsucvpi/Build/Intermediates.noindex/GroceryApp.build/Debug-iphonesimulator/GroceryApp.build/Objects-normal/arm64/Binary/GroceryApp normal arm64 (in target 'GroceryApp' from project 'GroceryApp')
    cd /Users/tim/Documents/workspace/swift/apps/grocery-app/GroceryApp
    /Applications/Xcode.app/Contents/Developer/Toolchains/XcodeDefault.xctoolchain/usr/bin/clang -Xlinker -reproducible -target arm64-apple-ios18.5-simulator -isysroot /Applications/Xcode.app/Contents/Developer/Platforms/iPhoneSimulator.platform/Developer/SDKs/iPhoneSimulator26.2.sdk -O0 -L/Users/tim/Library/Developer/Xcode/DerivedData/GroceryApp-evbjlsgcparbtufznuqhiqsucvpi/Build/Products/Debug-iphonesimulator -F/Users/tim/Library/Developer/Xcode/DerivedData/GroceryApp-evbjlsgcparbtufznuqhiqsucvpi/Build/Products/Debug-iphonesimulator -Xlinker -rpath -Xlinker @executable_path -Xlinker -rpath -Xlinker @executable_path/Frameworks -rdynamic -Xlinker -no_deduplicate -Xlinker -objc_abi_version -Xlinker 2 -Xlinker -debug_variant -e ___debug_blank_executor_main -Xlinker -sectcreate -Xlinker __TEXT -Xlinker __debug_dylib -Xlinker /Users/tim/Library/Developer/Xcode/DerivedData/GroceryApp-evbjlsgcparbtufznuqhiqsucvpi/Build/Intermediates.noindex/GroceryApp.build/Debug-iphonesimulator/GroceryApp.build/GroceryApp-DebugDylibPath-normal-arm64.txt -Xlinker -sectcreate -Xlinker __TEXT -Xlinker __debug_instlnm -Xlinker /Users/tim/Library/Developer/Xcode/DerivedData/GroceryApp-evbjlsgcparbtufznuqhiqsucvpi/Build/Intermediates.noindex/GroceryApp.build/Debug-iphonesimulator/GroceryApp.build/GroceryApp-DebugDylibInstallName-normal-arm64.txt -Xlinker -filelist -Xlinker /Users/tim/Library/Developer/Xcode/DerivedData/GroceryApp-evbjlsgcparbtufznuqhiqsucvpi/Build/Intermediates.noindex/GroceryApp.build/Debug-iphonesimulator/GroceryApp.build/GroceryApp-ExecutorLinkFileList-normal-arm64.txt -Xlinker -sectcreate -Xlinker __TEXT -Xlinker __entitlements -Xlinker /Users/tim/Library/Developer/Xcode/DerivedData/GroceryApp-evbjlsgcparbtufznuqhiqsucvpi/Build/Intermediates.noindex/GroceryApp.build/Debug-iphonesimulator/GroceryApp.build/GroceryApp.app-Simulated.xcent -Xlinker -sectcreate -Xlinker __TEXT -Xlinker __ents_der -Xlinker /Users/tim/Library/Developer/Xcode/DerivedData/GroceryApp-evbjlsgcparbtufznuqhiqsucvpi/Build/Intermediates.noindex/GroceryApp.build/Debug-iphonesimulator/GroceryApp.build/GroceryApp.app-Simulated.xcent.der /Users/tim/Library/Developer/Xcode/DerivedData/GroceryApp-evbjlsgcparbtufznuqhiqsucvpi/Build/Intermediates.noindex/GroceryApp.build/Debug-iphonesimulator/GroceryApp.build/Objects-normal/arm64/Binary/GroceryApp.debug.dylib -Xlinker -no_adhoc_codesign -o /Users/tim/Library/Developer/Xcode/DerivedData/GroceryApp-evbjlsgcparbtufznuqhiqsucvpi/Build/Intermediates.noindex/GroceryApp.build/Debug-iphonesimulator/GroceryApp.build/Objects-normal/arm64/Binary/GroceryApp

SwiftDriverJobDiscovery normal x86_64 Compiling SettingsView.swift, ShoppingListView.swift, StoreListView.swift (in target 'GroceryApp' from project 'GroceryApp')

SwiftDriver\ Compilation GroceryApp normal x86_64 com.apple.xcode.tools.swift.compiler (in target 'GroceryApp' from project 'GroceryApp')
    cd /Users/tim/Documents/workspace/swift/apps/grocery-app/GroceryApp
    builtin-Swift-Compilation -- /Applications/Xcode.app/Contents/Developer/Toolchains/XcodeDefault.xctoolchain/usr/bin/swiftc -module-name GroceryApp -Onone -enforce-exclusivity\=checked @/Users/tim/Library/Developer/Xcode/DerivedData/GroceryApp-evbjlsgcparbtufznuqhiqsucvpi/Build/Intermediates.noindex/GroceryApp.build/Debug-iphonesimulator/GroceryApp.build/Objects-normal/x86_64/GroceryApp.SwiftFileList -DDEBUG -enable-bare-slash-regex -enable-experimental-feature DebugDescriptionMacro -sdk /Applications/Xcode.app/Contents/Developer/Platforms/iPhoneSimulator.platform/Developer/SDKs/iPhoneSimulator26.2.sdk -target x86_64-apple-ios18.5-simulator -g -module-cache-path /Users/tim/Library/Developer/Xcode/DerivedData/ModuleCache.noindex -Xfrontend -serialize-debugging-options -profile-coverage-mapping -profile-generate -enable-testing -index-store-path /Users/tim/Library/Developer/Xcode/DerivedData/GroceryApp-evbjlsgcparbtufznuqhiqsucvpi/Index.noindex/DataStore -Xcc -D_LIBCPP_HARDENING_MODE\=_LIBCPP_HARDENING_MODE_DEBUG -swift-version 5 -I /Users/tim/Library/Developer/Xcode/DerivedData/GroceryApp-evbjlsgcparbtufznuqhiqsucvpi/Build/Products/Debug-iphonesimulator -F /Users/tim/Library/Developer/Xcode/DerivedData/GroceryApp-evbjlsgcparbtufznuqhiqsucvpi/Build/Products/Debug-iphonesimulator -emit-localized-strings -emit-localized-strings-path /Users/tim/Library/Developer/Xcode/DerivedData/GroceryApp-evbjlsgcparbtufznuqhiqsucvpi/Build/Intermediates.noindex/GroceryApp.build/Debug-iphonesimulator/GroceryApp.build/Objects-normal/x86_64 -c -j10 -enable-batch-mode -incremental -Xcc -ivfsstatcache -Xcc /Users/tim/Library/Developer/Xcode/DerivedData/SDKStatCaches.noindex/iphonesimulator26.2-23C53-7d00a8b37fbd7999ea79df8ebc024bf0.sdkstatcache -output-file-map /Users/tim/Library/Developer/Xcode/DerivedData/GroceryApp-evbjlsgcparbtufznuqhiqsucvpi/Build/Intermediates.noindex/GroceryApp.build/Debug-iphonesimulator/GroceryApp.build/Objects-normal/x86_64/GroceryApp-OutputFileMap.json -use-frontend-parseable-output -save-temps -no-color-diagnostics -explicit-module-build -module-cache-path /Users/tim/Library/Developer/Xcode/DerivedData/GroceryApp-evbjlsgcparbtufznuqhiqsucvpi/Build/Intermediates.noindex/SwiftExplicitPrecompiledModules -clang-scanner-module-cache-path /Users/tim/Library/Developer/Xcode/DerivedData/ModuleCache.noindex -sdk-module-cache-path /Users/tim/Library/Developer/Xcode/DerivedData/ModuleCache.noindex -serialize-diagnostics -emit-dependencies -emit-module -emit-module-path /Users/tim/Library/Developer/Xcode/DerivedData/GroceryApp-evbjlsgcparbtufznuqhiqsucvpi/Build/Intermediates.noindex/GroceryApp.build/Debug-iphonesimulator/GroceryApp.build/Objects-normal/x86_64/GroceryApp.swiftmodule -validate-clang-modules-once -clang-build-session-file /Users/tim/Library/Developer/Xcode/DerivedData/ModuleCache.noindex/Session.modulevalidation -Xcc -I/Users/tim/Library/Developer/Xcode/DerivedData/GroceryApp-evbjlsgcparbtufznuqhiqsucvpi/Build/Intermediates.noindex/GroceryApp.build/Debug-iphonesimulator/GroceryApp.build/swift-overrides.hmap -emit-const-values -Xfrontend -const-gather-protocols-file -Xfrontend /Users/tim/Library/Developer/Xcode/DerivedData/GroceryApp-evbjlsgcparbtufznuqhiqsucvpi/Build/Intermediates.noindex/GroceryApp.build/Debug-iphonesimulator/GroceryApp.build/Objects-normal/x86_64/GroceryApp_const_extract_protocols.json -Xcc -iquote -Xcc /Users/tim/Library/Developer/Xcode/DerivedData/GroceryApp-evbjlsgcparbtufznuqhiqsucvpi/Build/Intermediates.noindex/GroceryApp.build/Debug-iphonesimulator/GroceryApp.build/GroceryApp-generated-files.hmap -Xcc -I/Users/tim/Library/Developer/Xcode/DerivedData/GroceryApp-evbjlsgcparbtufznuqhiqsucvpi/Build/Intermediates.noindex/GroceryApp.build/Debug-iphonesimulator/GroceryApp.build/GroceryApp-own-target-headers.hmap -Xcc -I/Users/tim/Library/Developer/Xcode/DerivedData/GroceryApp-evbjlsgcparbtufznuqhiqsucvpi/Build/Intermediates.noindex/GroceryApp.build/Debug-iphonesimulator/GroceryApp.build/GroceryApp-all-target-headers.hmap -Xcc -iquote -Xcc /Users/tim/Library/Developer/Xcode/DerivedData/GroceryApp-evbjlsgcparbtufznuqhiqsucvpi/Build/Intermediates.noindex/GroceryApp.build/Debug-iphonesimulator/GroceryApp.build/GroceryApp-project-headers.hmap -Xcc -I/Users/tim/Library/Developer/Xcode/DerivedData/GroceryApp-evbjlsgcparbtufznuqhiqsucvpi/Build/Products/Debug-iphonesimulator/include -Xcc -I/Users/tim/Library/Developer/Xcode/DerivedData/GroceryApp-evbjlsgcparbtufznuqhiqsucvpi/Build/Intermediates.noindex/GroceryApp.build/Debug-iphonesimulator/GroceryApp.build/DerivedSources-normal/x86_64 -Xcc -I/Users/tim/Library/Developer/Xcode/DerivedData/GroceryApp-evbjlsgcparbtufznuqhiqsucvpi/Build/Intermediates.noindex/GroceryApp.build/Debug-iphonesimulator/GroceryApp.build/DerivedSources/x86_64 -Xcc -I/Users/tim/Library/Developer/Xcode/DerivedData/GroceryApp-evbjlsgcparbtufznuqhiqsucvpi/Build/Intermediates.noindex/GroceryApp.build/Debug-iphonesimulator/GroceryApp.build/DerivedSources -Xcc -DDEBUG\=1 -emit-objc-header -emit-objc-header-path /Users/tim/Library/Developer/Xcode/DerivedData/GroceryApp-evbjlsgcparbtufznuqhiqsucvpi/Build/Intermediates.noindex/GroceryApp.build/Debug-iphonesimulator/GroceryApp.build/Objects-normal/x86_64/GroceryApp-Swift.h -working-directory /Users/tim/Documents/workspace/swift/apps/grocery-app/GroceryApp -experimental-emit-module-separately -disable-cmo

Ld /Users/tim/Library/Developer/Xcode/DerivedData/GroceryApp-evbjlsgcparbtufznuqhiqsucvpi/Build/Intermediates.noindex/GroceryApp.build/Debug-iphonesimulator/GroceryApp.build/Objects-normal/x86_64/Binary/GroceryApp.debug.dylib normal x86_64 (in target 'GroceryApp' from project 'GroceryApp')
    cd /Users/tim/Documents/workspace/swift/apps/grocery-app/GroceryApp
    /Applications/Xcode.app/Contents/Developer/Toolchains/XcodeDefault.xctoolchain/usr/bin/clang -Xlinker -reproducible -target x86_64-apple-ios18.5-simulator -dynamiclib -isysroot /Applications/Xcode.app/Contents/Developer/Platforms/iPhoneSimulator.platform/Developer/SDKs/iPhoneSimulator26.2.sdk -O0 -L/Users/tim/Library/Developer/Xcode/DerivedData/GroceryApp-evbjlsgcparbtufznuqhiqsucvpi/Build/Intermediates.noindex/EagerLinkingTBDs/Debug-iphonesimulator -L/Users/tim/Library/Developer/Xcode/DerivedData/GroceryApp-evbjlsgcparbtufznuqhiqsucvpi/Build/Products/Debug-iphonesimulator -F/Users/tim/Library/Developer/Xcode/DerivedData/GroceryApp-evbjlsgcparbtufznuqhiqsucvpi/Build/Intermediates.noindex/EagerLinkingTBDs/Debug-iphonesimulator -F/Users/tim/Library/Developer/Xcode/DerivedData/GroceryApp-evbjlsgcparbtufznuqhiqsucvpi/Build/Products/Debug-iphonesimulator -filelist /Users/tim/Library/Developer/Xcode/DerivedData/GroceryApp-evbjlsgcparbtufznuqhiqsucvpi/Build/Intermediates.noindex/GroceryApp.build/Debug-iphonesimulator/GroceryApp.build/Objects-normal/x86_64/GroceryApp.LinkFileList -install_name @rpath/GroceryApp.debug.dylib -Xlinker -rpath -Xlinker /usr/lib/swift -Xlinker -rpath -Xlinker @executable_path/Frameworks -dead_strip -Xlinker -object_path_lto -Xlinker /Users/tim/Library/Developer/Xcode/DerivedData/GroceryApp-evbjlsgcparbtufznuqhiqsucvpi/Build/Intermediates.noindex/GroceryApp.build/Debug-iphonesimulator/GroceryApp.build/Objects-normal/x86_64/GroceryApp_lto.o -rdynamic -Xlinker -no_deduplicate -Xlinker -objc_abi_version -Xlinker 2 -Xlinker -debug_variant -Xlinker -dependency_info -Xlinker /Users/tim/Library/Developer/Xcode/DerivedData/GroceryApp-evbjlsgcparbtufznuqhiqsucvpi/Build/Intermediates.noindex/GroceryApp.build/Debug-iphonesimulator/GroceryApp.build/Objects-normal/x86_64/GroceryApp_dependency_info.dat -fobjc-link-runtime -fprofile-instr-generate -L/Applications/Xcode.app/Contents/Developer/Toolchains/XcodeDefault.xctoolchain/usr/lib/swift/iphonesimulator -L/usr/lib/swift -Xlinker -add_ast_path -Xlinker /Users/tim/Library/Developer/Xcode/DerivedData/GroceryApp-evbjlsgcparbtufznuqhiqsucvpi/Build/Intermediates.noindex/GroceryApp.build/Debug-iphonesimulator/GroceryApp.build/Objects-normal/x86_64/GroceryApp.swiftmodule @/Users/tim/Library/Developer/Xcode/DerivedData/GroceryApp-evbjlsgcparbtufznuqhiqsucvpi/Build/Intermediates.noindex/GroceryApp.build/Debug-iphonesimulator/GroceryApp.build/Objects-normal/x86_64/GroceryApp-linker-args.resp -Xlinker -alias -Xlinker _main -Xlinker ___debug_main_executable_dylib_entry_point -Xlinker -no_adhoc_codesign -o /Users/tim/Library/Developer/Xcode/DerivedData/GroceryApp-evbjlsgcparbtufznuqhiqsucvpi/Build/Intermediates.noindex/GroceryApp.build/Debug-iphonesimulator/GroceryApp.build/Objects-normal/x86_64/Binary/GroceryApp.debug.dylib

CreateUniversalBinary /Users/tim/Library/Developer/Xcode/DerivedData/GroceryApp-evbjlsgcparbtufznuqhiqsucvpi/Build/Products/Debug-iphonesimulator/GroceryApp.app/GroceryApp.debug.dylib normal arm64\ x86_64 (in target 'GroceryApp' from project 'GroceryApp')
    cd /Users/tim/Documents/workspace/swift/apps/grocery-app/GroceryApp
    /Applications/Xcode.app/Contents/Developer/Toolchains/XcodeDefault.xctoolchain/usr/bin/lipo -create /Users/tim/Library/Developer/Xcode/DerivedData/GroceryApp-evbjlsgcparbtufznuqhiqsucvpi/Build/Intermediates.noindex/GroceryApp.build/Debug-iphonesimulator/GroceryApp.build/Objects-normal/arm64/Binary/GroceryApp.debug.dylib /Users/tim/Library/Developer/Xcode/DerivedData/GroceryApp-evbjlsgcparbtufznuqhiqsucvpi/Build/Intermediates.noindex/GroceryApp.build/Debug-iphonesimulator/GroceryApp.build/Objects-normal/x86_64/Binary/GroceryApp.debug.dylib -output /Users/tim/Library/Developer/Xcode/DerivedData/GroceryApp-evbjlsgcparbtufznuqhiqsucvpi/Build/Products/Debug-iphonesimulator/GroceryApp.app/GroceryApp.debug.dylib

ConstructStubExecutorLinkFileList /Users/tim/Library/Developer/Xcode/DerivedData/GroceryApp-evbjlsgcparbtufznuqhiqsucvpi/Build/Intermediates.noindex/GroceryApp.build/Debug-iphonesimulator/GroceryApp.build/GroceryApp-ExecutorLinkFileList-normal-x86_64.txt (in target 'GroceryApp' from project 'GroceryApp')
    cd /Users/tim/Documents/workspace/swift/apps/grocery-app/GroceryApp
    construct-stub-executor-link-file-list /Users/tim/Library/Developer/Xcode/DerivedData/GroceryApp-evbjlsgcparbtufznuqhiqsucvpi/Build/Intermediates.noindex/GroceryApp.build/Debug-iphonesimulator/GroceryApp.build/Objects-normal/x86_64/Binary/GroceryApp.debug.dylib /Applications/Xcode.app/Contents/Developer/Platforms/iPhoneSimulator.platform/Developer/usr/lib/libPreviewsJITStubExecutor_no_swift_entry_point.a /Applications/Xcode.app/Contents/Developer/Platforms/iPhoneSimulator.platform/Developer/usr/lib/libPreviewsJITStubExecutor.a --output /Users/tim/Library/Developer/Xcode/DerivedData/GroceryApp-evbjlsgcparbtufznuqhiqsucvpi/Build/Intermediates.noindex/GroceryApp.build/Debug-iphonesimulator/GroceryApp.build/GroceryApp-ExecutorLinkFileList-normal-x86_64.txt
note: Using stub executor library with Swift entry point. (in target 'GroceryApp' from project 'GroceryApp')

Ld /Users/tim/Library/Developer/Xcode/DerivedData/GroceryApp-evbjlsgcparbtufznuqhiqsucvpi/Build/Intermediates.noindex/GroceryApp.build/Debug-iphonesimulator/GroceryApp.build/Objects-normal/x86_64/Binary/GroceryApp normal x86_64 (in target 'GroceryApp' from project 'GroceryApp')
    cd /Users/tim/Documents/workspace/swift/apps/grocery-app/GroceryApp
    /Applications/Xcode.app/Contents/Developer/Toolchains/XcodeDefault.xctoolchain/usr/bin/clang -Xlinker -reproducible -target x86_64-apple-ios18.5-simulator -isysroot /Applications/Xcode.app/Contents/Developer/Platforms/iPhoneSimulator.platform/Developer/SDKs/iPhoneSimulator26.2.sdk -O0 -L/Users/tim/Library/Developer/Xcode/DerivedData/GroceryApp-evbjlsgcparbtufznuqhiqsucvpi/Build/Products/Debug-iphonesimulator -F/Users/tim/Library/Developer/Xcode/DerivedData/GroceryApp-evbjlsgcparbtufznuqhiqsucvpi/Build/Products/Debug-iphonesimulator -Xlinker -rpath -Xlinker @executable_path -Xlinker -rpath -Xlinker @executable_path/Frameworks -rdynamic -Xlinker -no_deduplicate -Xlinker -objc_abi_version -Xlinker 2 -Xlinker -debug_variant -e ___debug_blank_executor_main -Xlinker -sectcreate -Xlinker __TEXT -Xlinker __debug_dylib -Xlinker /Users/tim/Library/Developer/Xcode/DerivedData/GroceryApp-evbjlsgcparbtufznuqhiqsucvpi/Build/Intermediates.noindex/GroceryApp.build/Debug-iphonesimulator/GroceryApp.build/GroceryApp-DebugDylibPath-normal-x86_64.txt -Xlinker -sectcreate -Xlinker __TEXT -Xlinker __debug_instlnm -Xlinker /Users/tim/Library/Developer/Xcode/DerivedData/GroceryApp-evbjlsgcparbtufznuqhiqsucvpi/Build/Intermediates.noindex/GroceryApp.build/Debug-iphonesimulator/GroceryApp.build/GroceryApp-DebugDylibInstallName-normal-x86_64.txt -Xlinker -filelist -Xlinker /Users/tim/Library/Developer/Xcode/DerivedData/GroceryApp-evbjlsgcparbtufznuqhiqsucvpi/Build/Intermediates.noindex/GroceryApp.build/Debug-iphonesimulator/GroceryApp.build/GroceryApp-ExecutorLinkFileList-normal-x86_64.txt -Xlinker -sectcreate -Xlinker __TEXT -Xlinker __entitlements -Xlinker /Users/tim/Library/Developer/Xcode/DerivedData/GroceryApp-evbjlsgcparbtufznuqhiqsucvpi/Build/Intermediates.noindex/GroceryApp.build/Debug-iphonesimulator/GroceryApp.build/GroceryApp.app-Simulated.xcent -Xlinker -sectcreate -Xlinker __TEXT -Xlinker __ents_der -Xlinker /Users/tim/Library/Developer/Xcode/DerivedData/GroceryApp-evbjlsgcparbtufznuqhiqsucvpi/Build/Intermediates.noindex/GroceryApp.build/Debug-iphonesimulator/GroceryApp.build/GroceryApp.app-Simulated.xcent.der /Users/tim/Library/Developer/Xcode/DerivedData/GroceryApp-evbjlsgcparbtufznuqhiqsucvpi/Build/Intermediates.noindex/GroceryApp.build/Debug-iphonesimulator/GroceryApp.build/Objects-normal/x86_64/Binary/GroceryApp.debug.dylib -Xlinker -no_adhoc_codesign -o /Users/tim/Library/Developer/Xcode/DerivedData/GroceryApp-evbjlsgcparbtufznuqhiqsucvpi/Build/Intermediates.noindex/GroceryApp.build/Debug-iphonesimulator/GroceryApp.build/Objects-normal/x86_64/Binary/GroceryApp

CreateUniversalBinary /Users/tim/Library/Developer/Xcode/DerivedData/GroceryApp-evbjlsgcparbtufznuqhiqsucvpi/Build/Products/Debug-iphonesimulator/GroceryApp.app/GroceryApp normal arm64\ x86_64 (in target 'GroceryApp' from project 'GroceryApp')
    cd /Users/tim/Documents/workspace/swift/apps/grocery-app/GroceryApp
    /Applications/Xcode.app/Contents/Developer/Toolchains/XcodeDefault.xctoolchain/usr/bin/lipo -create /Users/tim/Library/Developer/Xcode/DerivedData/GroceryApp-evbjlsgcparbtufznuqhiqsucvpi/Build/Intermediates.noindex/GroceryApp.build/Debug-iphonesimulator/GroceryApp.build/Objects-normal/arm64/Binary/GroceryApp /Users/tim/Library/Developer/Xcode/DerivedData/GroceryApp-evbjlsgcparbtufznuqhiqsucvpi/Build/Intermediates.noindex/GroceryApp.build/Debug-iphonesimulator/GroceryApp.build/Objects-normal/x86_64/Binary/GroceryApp -output /Users/tim/Library/Developer/Xcode/DerivedData/GroceryApp-evbjlsgcparbtufznuqhiqsucvpi/Build/Products/Debug-iphonesimulator/GroceryApp.app/GroceryApp

CopySwiftLibs /Users/tim/Library/Developer/Xcode/DerivedData/GroceryApp-evbjlsgcparbtufznuqhiqsucvpi/Build/Products/Debug-iphonesimulator/GroceryApp.app (in target 'GroceryApp' from project 'GroceryApp')
    cd /Users/tim/Documents/workspace/swift/apps/grocery-app/GroceryApp
    builtin-swiftStdLibTool --copy --verbose --sign - --scan-executable /Users/tim/Library/Developer/Xcode/DerivedData/GroceryApp-evbjlsgcparbtufznuqhiqsucvpi/Build/Products/Debug-iphonesimulator/GroceryApp.app/GroceryApp.debug.dylib --scan-folder /Users/tim/Library/Developer/Xcode/DerivedData/GroceryApp-evbjlsgcparbtufznuqhiqsucvpi/Build/Products/Debug-iphonesimulator/GroceryApp.app/Frameworks --scan-folder /Users/tim/Library/Developer/Xcode/DerivedData/GroceryApp-evbjlsgcparbtufznuqhiqsucvpi/Build/Products/Debug-iphonesimulator/GroceryApp.app/PlugIns --scan-folder /Users/tim/Library/Developer/Xcode/DerivedData/GroceryApp-evbjlsgcparbtufznuqhiqsucvpi/Build/Products/Debug-iphonesimulator/GroceryApp.app/SystemExtensions --scan-folder /Users/tim/Library/Developer/Xcode/DerivedData/GroceryApp-evbjlsgcparbtufznuqhiqsucvpi/Build/Products/Debug-iphonesimulator/GroceryApp.app/Extensions --platform iphonesimulator --toolchain /Applications/Xcode.app/Contents/Developer/Toolchains/XcodeDefault.xctoolchain --destination /Users/tim/Library/Developer/Xcode/DerivedData/GroceryApp-evbjlsgcparbtufznuqhiqsucvpi/Build/Products/Debug-iphonesimulator/GroceryApp.app/Frameworks --strip-bitcode --strip-bitcode-tool /Applications/Xcode.app/Contents/Developer/Toolchains/XcodeDefault.xctoolchain/usr/bin/bitcode_strip --emit-dependency-info /Users/tim/Library/Developer/Xcode/DerivedData/GroceryApp-evbjlsgcparbtufznuqhiqsucvpi/Build/Intermediates.noindex/GroceryApp.build/Debug-iphonesimulator/GroceryApp.build/SwiftStdLibToolInputDependencies.dep --filter-for-swift-os --back-deploy-swift-span

ExtractAppIntentsMetadata (in target 'GroceryApp' from project 'GroceryApp')
    cd /Users/tim/Documents/workspace/swift/apps/grocery-app/GroceryApp
    /Applications/Xcode.app/Contents/Developer/Toolchains/XcodeDefault.xctoolchain/usr/bin/appintentsmetadataprocessor --toolchain-dir /Applications/Xcode.app/Contents/Developer/Toolchains/XcodeDefault.xctoolchain --module-name GroceryApp --sdk-root /Applications/Xcode.app/Contents/Developer/Platforms/iPhoneSimulator.platform/Developer/SDKs/iPhoneSimulator26.2.sdk --xcode-version 17C52 --platform-family iOS --deployment-target 18.5 --bundle-identifier com.inquisitivefrog.GroceryShopping --output /Users/tim/Library/Developer/Xcode/DerivedData/GroceryApp-evbjlsgcparbtufznuqhiqsucvpi/Build/Products/Debug-iphonesimulator/GroceryApp.app --target-triple arm64-apple-ios18.5-simulator --target-triple x86_64-apple-ios18.5-simulator --binary-file /Users/tim/Library/Developer/Xcode/DerivedData/GroceryApp-evbjlsgcparbtufznuqhiqsucvpi/Build/Products/Debug-iphonesimulator/GroceryApp.app/GroceryApp --dependency-file /Users/tim/Library/Developer/Xcode/DerivedData/GroceryApp-evbjlsgcparbtufznuqhiqsucvpi/Build/Intermediates.noindex/GroceryApp.build/Debug-iphonesimulator/GroceryApp.build/Objects-normal/arm64/GroceryApp_dependency_info.dat --dependency-file /Users/tim/Library/Developer/Xcode/DerivedData/GroceryApp-evbjlsgcparbtufznuqhiqsucvpi/Build/Intermediates.noindex/GroceryApp.build/Debug-iphonesimulator/GroceryApp.build/Objects-normal/x86_64/GroceryApp_dependency_info.dat --stringsdata-file /Users/tim/Library/Developer/Xcode/DerivedData/GroceryApp-evbjlsgcparbtufznuqhiqsucvpi/Build/Intermediates.noindex/GroceryApp.build/Debug-iphonesimulator/GroceryApp.build/Objects-normal/arm64/ExtractedAppShortcutsMetadata.stringsdata --stringsdata-file /Users/tim/Library/Developer/Xcode/DerivedData/GroceryApp-evbjlsgcparbtufznuqhiqsucvpi/Build/Intermediates.noindex/GroceryApp.build/Debug-iphonesimulator/GroceryApp.build/Objects-normal/x86_64/ExtractedAppShortcutsMetadata.stringsdata --source-file-list /Users/tim/Library/Developer/Xcode/DerivedData/GroceryApp-evbjlsgcparbtufznuqhiqsucvpi/Build/Intermediates.noindex/GroceryApp.build/Debug-iphonesimulator/GroceryApp.build/Objects-normal/arm64/GroceryApp.SwiftFileList --source-file-list /Users/tim/Library/Developer/Xcode/DerivedData/GroceryApp-evbjlsgcparbtufznuqhiqsucvpi/Build/Intermediates.noindex/GroceryApp.build/Debug-iphonesimulator/GroceryApp.build/Objects-normal/x86_64/GroceryApp.SwiftFileList --metadata-file-list /Users/tim/Library/Developer/Xcode/DerivedData/GroceryApp-evbjlsgcparbtufznuqhiqsucvpi/Build/Intermediates.noindex/GroceryApp.build/Debug-iphonesimulator/GroceryApp.build/GroceryApp.DependencyMetadataFileList --static-metadata-file-list /Users/tim/Library/Developer/Xcode/DerivedData/GroceryApp-evbjlsgcparbtufznuqhiqsucvpi/Build/Intermediates.noindex/GroceryApp.build/Debug-iphonesimulator/GroceryApp.build/GroceryApp.DependencyStaticMetadataFileList --swift-const-vals-list /Users/tim/Library/Developer/Xcode/DerivedData/GroceryApp-evbjlsgcparbtufznuqhiqsucvpi/Build/Intermediates.noindex/GroceryApp.build/Debug-iphonesimulator/GroceryApp.build/Objects-normal/arm64/GroceryApp.SwiftConstValuesFileList --swift-const-vals-list /Users/tim/Library/Developer/Xcode/DerivedData/GroceryApp-evbjlsgcparbtufznuqhiqsucvpi/Build/Intermediates.noindex/GroceryApp.build/Debug-iphonesimulator/GroceryApp.build/Objects-normal/x86_64/GroceryApp.SwiftConstValuesFileList --compile-time-extraction --deployment-aware-processing --validate-assistant-intents --no-app-shortcuts-localization
2026-01-20 13:11:51.552 appintentsmetadataprocessor[57909:896554] Starting appintentsmetadataprocessor export
2026-01-20 13:11:51.554 appintentsmetadataprocessor[57909:896554] warning: Metadata extraction skipped. No AppIntents.framework dependency found.

AppIntentsSSUTraining (in target 'GroceryApp' from project 'GroceryApp')
    cd /Users/tim/Documents/workspace/swift/apps/grocery-app/GroceryApp
    /Applications/Xcode.app/Contents/Developer/Toolchains/XcodeDefault.xctoolchain/usr/bin/appintentsnltrainingprocessor --infoplist-path /Users/tim/Library/Developer/Xcode/DerivedData/GroceryApp-evbjlsgcparbtufznuqhiqsucvpi/Build/Products/Debug-iphonesimulator/GroceryApp.app/Info.plist --temp-dir-path /Users/tim/Library/Developer/Xcode/DerivedData/GroceryApp-evbjlsgcparbtufznuqhiqsucvpi/Build/Intermediates.noindex/GroceryApp.build/Debug-iphonesimulator/GroceryApp.build/ssu --bundle-id com.inquisitivefrog.GroceryShopping --product-path /Users/tim/Library/Developer/Xcode/DerivedData/GroceryApp-evbjlsgcparbtufznuqhiqsucvpi/Build/Products/Debug-iphonesimulator/GroceryApp.app --extracted-metadata-path /Users/tim/Library/Developer/Xcode/DerivedData/GroceryApp-evbjlsgcparbtufznuqhiqsucvpi/Build/Products/Debug-iphonesimulator/GroceryApp.app/Metadata.appintents --metadata-file-list /Users/tim/Library/Developer/Xcode/DerivedData/GroceryApp-evbjlsgcparbtufznuqhiqsucvpi/Build/Intermediates.noindex/GroceryApp.build/Debug-iphonesimulator/GroceryApp.build/GroceryApp.DependencyMetadataFileList --archive-ssu-assets
2026-01-20 13:11:51.564 appintentsnltrainingprocessor[57910:896555] Parsing options for appintentsnltrainingprocessor
2026-01-20 13:11:51.564 appintentsnltrainingprocessor[57910:896555] No AppShortcuts found - Skipping.

CodeSign /Users/tim/Library/Developer/Xcode/DerivedData/GroceryApp-evbjlsgcparbtufznuqhiqsucvpi/Build/Products/Debug-iphonesimulator/GroceryApp.app/GroceryApp.debug.dylib (in target 'GroceryApp' from project 'GroceryApp')
    cd /Users/tim/Documents/workspace/swift/apps/grocery-app/GroceryApp
    
    Signing Identity:     "Sign to Run Locally"
    
    /usr/bin/codesign --force --sign - --timestamp\=none --generate-entitlement-der /Users/tim/Library/Developer/Xcode/DerivedData/GroceryApp-evbjlsgcparbtufznuqhiqsucvpi/Build/Products/Debug-iphonesimulator/GroceryApp.app/GroceryApp.debug.dylib

CodeSign /Users/tim/Library/Developer/Xcode/DerivedData/GroceryApp-evbjlsgcparbtufznuqhiqsucvpi/Build/Products/Debug-iphonesimulator/GroceryApp.app/__preview.dylib (in target 'GroceryApp' from project 'GroceryApp')
    cd /Users/tim/Documents/workspace/swift/apps/grocery-app/GroceryApp
    
    Signing Identity:     "Sign to Run Locally"
    
    /usr/bin/codesign --force --sign - --timestamp\=none --generate-entitlement-der /Users/tim/Library/Developer/Xcode/DerivedData/GroceryApp-evbjlsgcparbtufznuqhiqsucvpi/Build/Products/Debug-iphonesimulator/GroceryApp.app/__preview.dylib

CodeSign /Users/tim/Library/Developer/Xcode/DerivedData/GroceryApp-evbjlsgcparbtufznuqhiqsucvpi/Build/Products/Debug-iphonesimulator/GroceryApp.app (in target 'GroceryApp' from project 'GroceryApp')
    cd /Users/tim/Documents/workspace/swift/apps/grocery-app/GroceryApp
    
    Signing Identity:     "Sign to Run Locally"
    
    /usr/bin/codesign --force --sign - --timestamp\=none --generate-entitlement-der /Users/tim/Library/Developer/Xcode/DerivedData/GroceryApp-evbjlsgcparbtufznuqhiqsucvpi/Build/Products/Debug-iphonesimulator/GroceryApp.app

RegisterExecutionPolicyException /Users/tim/Library/Developer/Xcode/DerivedData/GroceryApp-evbjlsgcparbtufznuqhiqsucvpi/Build/Products/Debug-iphonesimulator/GroceryApp.app (in target 'GroceryApp' from project 'GroceryApp')
    cd /Users/tim/Documents/workspace/swift/apps/grocery-app/GroceryApp
    builtin-RegisterExecutionPolicyException /Users/tim/Library/Developer/Xcode/DerivedData/GroceryApp-evbjlsgcparbtufznuqhiqsucvpi/Build/Products/Debug-iphonesimulator/GroceryApp.app

Validate /Users/tim/Library/Developer/Xcode/DerivedData/GroceryApp-evbjlsgcparbtufznuqhiqsucvpi/Build/Products/Debug-iphonesimulator/GroceryApp.app (in target 'GroceryApp' from project 'GroceryApp')
    cd /Users/tim/Documents/workspace/swift/apps/grocery-app/GroceryApp
    builtin-validationUtility /Users/tim/Library/Developer/Xcode/DerivedData/GroceryApp-evbjlsgcparbtufznuqhiqsucvpi/Build/Products/Debug-iphonesimulator/GroceryApp.app -shallow-bundle -infoplist-subpath Info.plist

Touch /Users/tim/Library/Developer/Xcode/DerivedData/GroceryApp-evbjlsgcparbtufznuqhiqsucvpi/Build/Products/Debug-iphonesimulator/GroceryApp.app (in target 'GroceryApp' from project 'GroceryApp')
    cd /Users/tim/Documents/workspace/swift/apps/grocery-app/GroceryApp
    /usr/bin/touch -c /Users/tim/Library/Developer/Xcode/DerivedData/GroceryApp-evbjlsgcparbtufznuqhiqsucvpi/Build/Products/Debug-iphonesimulator/GroceryApp.app

** BUILD SUCCEEDED **

(⎈|N/A:N/A)tim@Timothys-MacBook-Air GroceryApp % 

